--
-- Script was generated by Devart dbForge Studio 2019 for MySQL, Version 8.1.22.0
-- Product home page: http://www.devart.com/dbforge/mysql/studio
-- Script date 2025. 05. 10. 0:09:03
-- Server version: 5.5.5-10.4.32-MariaDB
-- Client version: 4.1
--

-- 
-- Disable foreign keys
-- 
/*!40014 SET @OLD_FOREIGN_KEY_CHECKS=@@FOREIGN_KEY_CHECKS, FOREIGN_KEY_CHECKS=0 */;

-- 
-- Set SQL mode
-- 
/*!40101 SET @OLD_SQL_MODE=@@SQL_MODE, SQL_MODE='NO_AUTO_VALUE_ON_ZERO' */;

-- 
-- Set character set the client will use to send SQL statements to the server
--
SET NAMES 'utf8';

DROP DATABASE IF EXISTS sportverseny;

CREATE DATABASE IF NOT EXISTS sportverseny
	CHARACTER SET utf8mb4
	COLLATE utf8mb4_general_ci;

--
-- Set default database
--
USE sportverseny;

--
-- Create table `roles`
--
CREATE TABLE IF NOT EXISTS roles (
  id INT(11) NOT NULL AUTO_INCREMENT,
  role VARCHAR(255) NOT NULL,
  permission INT(11) NOT NULL,
  PRIMARY KEY (id)
)
ENGINE = INNODB,
AUTO_INCREMENT = 5,
AVG_ROW_LENGTH = 4096,
CHARACTER SET utf8mb4,
COLLATE utf8mb4_unicode_ci;

--
-- Create table `users`
--
CREATE TABLE IF NOT EXISTS users (
  id INT(11) NOT NULL AUTO_INCREMENT,
  username VARCHAR(255) NOT NULL,
  name VARCHAR(255) NOT NULL,
  email VARCHAR(255) NOT NULL,
  password VARCHAR(255) NOT NULL,
  roleId INT(11) NOT NULL,
  PRIMARY KEY (id)
)
ENGINE = INNODB,
AUTO_INCREMENT = 74,
AVG_ROW_LENGTH = 224,
CHARACTER SET utf8mb4,
COLLATE utf8mb4_unicode_ci;

--
-- Create foreign key
--
ALTER TABLE users 
  ADD CONSTRAINT users_roleid_foreign FOREIGN KEY (roleId)
    REFERENCES roles(id);

--
-- Create table `result_types`
--
CREATE TABLE IF NOT EXISTS result_types (
  id INT(11) NOT NULL AUTO_INCREMENT,
  type VARCHAR(255) NOT NULL,
  PRIMARY KEY (id)
)
ENGINE = INNODB,
AUTO_INCREMENT = 3,
AVG_ROW_LENGTH = 8192,
CHARACTER SET utf8mb4,
COLLATE utf8mb4_unicode_ci;

--
-- Create table `competitions`
--
CREATE TABLE IF NOT EXISTS competitions (
  id INT(11) NOT NULL AUTO_INCREMENT,
  name VARCHAR(255) NOT NULL,
  date DATE NOT NULL,
  location VARCHAR(255) NOT NULL,
  registerFrom DATE NOT NULL,
  registerTo DATE NOT NULL,
  currentComp TINYINT(1) NOT NULL DEFAULT 0,
  PRIMARY KEY (id)
)
ENGINE = INNODB,
AUTO_INCREMENT = 3,
CHARACTER SET utf8mb4,
COLLATE utf8mb4_unicode_ci;

--
-- Create index `competitions_name_unique` on table `competitions`
--
ALTER TABLE competitions 
  ADD UNIQUE INDEX competitions_name_unique(name);

--
-- Create table `teams`
--
CREATE TABLE IF NOT EXISTS teams (
  id INT(11) NOT NULL AUTO_INCREMENT,
  competitionId INT(11) NOT NULL,
  name VARCHAR(255) NOT NULL,
  school VARCHAR(255) NOT NULL,
  userId INT(11) NOT NULL,
  PRIMARY KEY (id)
)
ENGINE = INNODB,
AUTO_INCREMENT = 27,
AVG_ROW_LENGTH = 1489,
CHARACTER SET utf8mb4,
COLLATE utf8mb4_unicode_ci;

--
-- Create foreign key
--
ALTER TABLE teams 
  ADD CONSTRAINT teams_competitionid_foreign FOREIGN KEY (competitionId)
    REFERENCES competitions(id);

--
-- Create foreign key
--
ALTER TABLE teams 
  ADD CONSTRAINT teams_userid_foreign FOREIGN KEY (userId)
    REFERENCES users(id);

--
-- Create table `team_members`
--
CREATE TABLE IF NOT EXISTS team_members (
  id INT(11) NOT NULL AUTO_INCREMENT,
  teamId INT(11) NOT NULL,
  name VARCHAR(255) NOT NULL,
  captain TINYINT(4) NOT NULL,
  PRIMARY KEY (id)
)
ENGINE = INNODB,
AUTO_INCREMENT = 63,
AVG_ROW_LENGTH = 273,
CHARACTER SET utf8mb4,
COLLATE utf8mb4_unicode_ci;

--
-- Create foreign key
--
ALTER TABLE team_members 
  ADD CONSTRAINT team_members_teamid_foreign FOREIGN KEY (teamId)
    REFERENCES teams(id);

--
-- Create table `stations`
--
CREATE TABLE IF NOT EXISTS stations (
  id INT(11) NOT NULL AUTO_INCREMENT,
  name VARCHAR(255) NOT NULL,
  location VARCHAR(255) NOT NULL,
  weighting DOUBLE NOT NULL DEFAULT 1,
  moreIsBetter TINYINT(1) NOT NULL,
  typeId INT(11) NOT NULL,
  userId INT(11) DEFAULT NULL,
  competitionId INT(11) NOT NULL,
  PRIMARY KEY (id)
)
ENGINE = INNODB,
AUTO_INCREMENT = 11,
AVG_ROW_LENGTH = 1638,
CHARACTER SET utf8mb4,
COLLATE utf8mb4_unicode_ci;

--
-- Create foreign key
--
ALTER TABLE stations 
  ADD CONSTRAINT stations_competitionid_foreign FOREIGN KEY (competitionId)
    REFERENCES competitions(id);

--
-- Create foreign key
--
ALTER TABLE stations 
  ADD CONSTRAINT stations_typeid_foreign FOREIGN KEY (typeId)
    REFERENCES result_types(id);

--
-- Create foreign key
--
ALTER TABLE stations 
  ADD CONSTRAINT stations_userid_foreign FOREIGN KEY (userId)
    REFERENCES users(id);

--
-- Create table `team_at_stations`
--
CREATE TABLE IF NOT EXISTS team_at_stations (
  id INT(11) NOT NULL AUTO_INCREMENT,
  teamId INT(11) NOT NULL,
  stationId INT(11) NOT NULL,
  PRIMARY KEY (id)
)
ENGINE = INNODB,
AUTO_INCREMENT = 101,
AVG_ROW_LENGTH = 163,
CHARACTER SET utf8mb4,
COLLATE utf8mb4_unicode_ci;

--
-- Create foreign key
--
ALTER TABLE team_at_stations 
  ADD CONSTRAINT team_at_stations_stationid_foreign FOREIGN KEY (stationId)
    REFERENCES stations(id);

--
-- Create foreign key
--
ALTER TABLE team_at_stations 
  ADD CONSTRAINT team_at_stations_teamid_foreign FOREIGN KEY (teamId)
    REFERENCES teams(id);

--
-- Create table `member_results_at_stations`
--
CREATE TABLE IF NOT EXISTS member_results_at_stations (
  id INT(11) NOT NULL AUTO_INCREMENT,
  teamAtStationId INT(11) NOT NULL,
  teamMemberId INT(11) NOT NULL,
  result INT(11) DEFAULT NULL,
  resultTime TIME DEFAULT NULL,
  PRIMARY KEY (id)
)
ENGINE = INNODB,
AUTO_INCREMENT = 3974,
AVG_ROW_LENGTH = 45,
CHARACTER SET utf8mb4,
COLLATE utf8mb4_unicode_ci;

--
-- Create foreign key
--
ALTER TABLE member_results_at_stations 
  ADD CONSTRAINT member_results_at_stations_teamatstationid_foreign FOREIGN KEY (teamAtStationId)
    REFERENCES team_at_stations(id);

--
-- Create foreign key
--
ALTER TABLE member_results_at_stations 
  ADD CONSTRAINT member_results_at_stations_teammemberid_foreign FOREIGN KEY (teamMemberId)
    REFERENCES team_members(id);

--
-- Create table `sessions`
--
CREATE TABLE IF NOT EXISTS sessions (
  id VARCHAR(255) NOT NULL,
  user_id BIGINT(20) UNSIGNED DEFAULT NULL,
  ip_address VARCHAR(45) DEFAULT NULL,
  user_agent TEXT DEFAULT NULL,
  payload LONGTEXT NOT NULL,
  last_activity INT(11) NOT NULL,
  PRIMARY KEY (id)
)
ENGINE = INNODB,
CHARACTER SET utf8mb4,
COLLATE utf8mb4_unicode_ci;

--
-- Create index `sessions_last_activity_index` on table `sessions`
--
ALTER TABLE sessions 
  ADD INDEX sessions_last_activity_index(last_activity);

--
-- Create index `sessions_user_id_index` on table `sessions`
--
ALTER TABLE sessions 
  ADD INDEX sessions_user_id_index(user_id);

--
-- Create table `personal_access_tokens`
--
CREATE TABLE IF NOT EXISTS personal_access_tokens (
  id BIGINT(20) UNSIGNED NOT NULL AUTO_INCREMENT,
  tokenable_type VARCHAR(255) NOT NULL,
  tokenable_id BIGINT(20) UNSIGNED NOT NULL,
  name VARCHAR(255) NOT NULL,
  token VARCHAR(64) NOT NULL,
  abilities TEXT DEFAULT NULL,
  last_used_at TIMESTAMP NULL DEFAULT NULL,
  expires_at TIMESTAMP NULL DEFAULT NULL,
  created_at TIMESTAMP NULL DEFAULT NULL,
  updated_at TIMESTAMP NULL DEFAULT NULL,
  PRIMARY KEY (id)
)
ENGINE = INNODB,
AUTO_INCREMENT = 32,
AVG_ROW_LENGTH = 1024,
CHARACTER SET utf8mb4,
COLLATE utf8mb4_unicode_ci;

--
-- Create index `personal_access_tokens_token_unique` on table `personal_access_tokens`
--
ALTER TABLE personal_access_tokens 
  ADD UNIQUE INDEX personal_access_tokens_token_unique(token);

--
-- Create index `personal_access_tokens_tokenable_type_tokenable_id_index` on table `personal_access_tokens`
--
ALTER TABLE personal_access_tokens 
  ADD INDEX personal_access_tokens_tokenable_type_tokenable_id_index(tokenable_type, tokenable_id);

--
-- Create table `password_reset_tokens`
--
CREATE TABLE IF NOT EXISTS password_reset_tokens (
  email VARCHAR(255) NOT NULL,
  token VARCHAR(255) NOT NULL,
  created_at TIMESTAMP NULL DEFAULT NULL,
  PRIMARY KEY (email)
)
ENGINE = INNODB,
CHARACTER SET utf8mb4,
COLLATE utf8mb4_unicode_ci;

--
-- Create table `migrations`
--
CREATE TABLE IF NOT EXISTS migrations (
  id INT(10) UNSIGNED NOT NULL AUTO_INCREMENT,
  migration VARCHAR(255) NOT NULL,
  batch INT(11) NOT NULL,
  PRIMARY KEY (id)
)
ENGINE = INNODB,
AUTO_INCREMENT = 25,
AVG_ROW_LENGTH = 1365,
CHARACTER SET utf8mb4,
COLLATE utf8mb4_unicode_ci;

--
-- Create table `job_batches`
--
CREATE TABLE IF NOT EXISTS job_batches (
  id VARCHAR(255) NOT NULL,
  name VARCHAR(255) NOT NULL,
  total_jobs INT(11) NOT NULL,
  pending_jobs INT(11) NOT NULL,
  failed_jobs INT(11) NOT NULL,
  failed_job_ids LONGTEXT NOT NULL,
  options MEDIUMTEXT DEFAULT NULL,
  cancelled_at INT(11) DEFAULT NULL,
  created_at INT(11) NOT NULL,
  finished_at INT(11) DEFAULT NULL,
  PRIMARY KEY (id)
)
ENGINE = INNODB,
CHARACTER SET utf8mb4,
COLLATE utf8mb4_unicode_ci;

--
-- Create table `jobs`
--
CREATE TABLE IF NOT EXISTS jobs (
  id BIGINT(20) UNSIGNED NOT NULL AUTO_INCREMENT,
  queue VARCHAR(255) NOT NULL,
  payload LONGTEXT NOT NULL,
  attempts TINYINT(3) UNSIGNED NOT NULL,
  reserved_at INT(10) UNSIGNED DEFAULT NULL,
  available_at INT(10) UNSIGNED NOT NULL,
  created_at INT(10) UNSIGNED NOT NULL,
  PRIMARY KEY (id)
)
ENGINE = INNODB,
CHARACTER SET utf8mb4,
COLLATE utf8mb4_unicode_ci;

--
-- Create index `jobs_queue_index` on table `jobs`
--
ALTER TABLE jobs 
  ADD INDEX jobs_queue_index(queue);

--
-- Create table `failed_jobs`
--
CREATE TABLE IF NOT EXISTS failed_jobs (
  id BIGINT(20) UNSIGNED NOT NULL AUTO_INCREMENT,
  uuid VARCHAR(255) NOT NULL,
  `connection` TEXT NOT NULL,
  queue TEXT NOT NULL,
  payload LONGTEXT NOT NULL,
  exception LONGTEXT NOT NULL,
  failed_at TIMESTAMP NOT NULL DEFAULT current_timestamp(),
  PRIMARY KEY (id)
)
ENGINE = INNODB,
CHARACTER SET utf8mb4,
COLLATE utf8mb4_unicode_ci;

--
-- Create index `failed_jobs_uuid_unique` on table `failed_jobs`
--
ALTER TABLE failed_jobs 
  ADD UNIQUE INDEX failed_jobs_uuid_unique(uuid);

--
-- Create table `cache_locks`
--
CREATE TABLE IF NOT EXISTS cache_locks (
  `key` VARCHAR(255) NOT NULL,
  owner VARCHAR(255) NOT NULL,
  expiration INT(11) NOT NULL,
  PRIMARY KEY (`key`)
)
ENGINE = INNODB,
CHARACTER SET utf8mb4,
COLLATE utf8mb4_unicode_ci;

--
-- Create table `cache`
--
CREATE TABLE IF NOT EXISTS cache (
  `key` VARCHAR(255) NOT NULL,
  value MEDIUMTEXT NOT NULL,
  expiration INT(11) NOT NULL,
  PRIMARY KEY (`key`)
)
ENGINE = INNODB,
CHARACTER SET utf8mb4,
COLLATE utf8mb4_unicode_ci;

-- 
-- Dumping data for table roles
--
INSERT INTO roles VALUES
(1, 'Admin', 3),
(2, 'Supervisor', 2),
(3, 'Student', 1),
(4, 'Guest', 0);

-- 
-- Dumping data for table users
--
INSERT INTO users VALUES
(1, 'mCsaba', 'Medgyes Csaba', 'medgyescsaba@gmail.com', '$2y$12$wK8RYuWxAMKETGgSx94pQerxSBOjWcnlZckd/yHASiL/WzyTcFeri', 1),
(2, 'lBence', 'Ledacs-Kiss Bence', 'ledacs-kissbence@gmail.com', '$2y$12$AQ42vsohylUvI9izyeJMqO8Y6p9/bzrYUQffFigbNlqrARjdBhSOi', 1),
(3, 'fDorain', 'Fehér Zsolt Dorián', 'feherzsoltdorian@gmail.com', '$2y$12$ynHMa1gOwvc4Y5t8hHKrrOgem98lDz.yudgdWGp6fcKLnpMQbBDiC', 1),
(4, 'supervisor', 'Supervisor', 'supervisor@supervisor.com', '$2y$12$uvEoaFfdrYA7ZvdiPjr/zeiY36SKK/PHuTvbi4gUwBZNFaN9UUGQq', 2),
(5, 'supervisor2', 'Supervisor2', 'supervisor2@supervisor.com', '$2y$12$kXa0tk7Gk7Co7Re2wkGaRedhNHYwejxgpovtUeucJfrGrYAAk4GJy', 2),
(6, 'supervisor3', 'Supervisor3', 'supervisor3@supervisor.com', '$2y$12$79IcFqcjQ/mFGDzBw0Dj6evyR7v/DeRr.doR2ezL7lY.grIA19aJW', 2),
(7, 'supervisor4', 'Supervisor4', 'supervisor4@supervisor.com', '$2y$12$UD4my8r4BIKW1GLCBlhDhuQvkPbQjCixoSSaZNgcdvT0W2dnIWQgy', 2),
(8, 'supervisor5', 'Supervisor5', 'supervisor5@supervisor.com', '$2y$12$sOwLiBTLgHd8Z9KyMSBa6uhhBR93Ekb29Di6r7eEDjZ7ZgpGKcKiG', 2),
(9, 'supervisor6', 'Supervisor6', 'supervisor6@supervisor.com', '$2y$12$D7JETTutwNpcij0G6mKS0uvnv6srqfXq4bGNy.XaEfoM/8TSPROCO', 2),
(10, 'supervisor7', 'Supervisor7', 'supervisor7@supervisor.com', '$2y$12$1E68eqmSRNe6/E.wpcMy0e0ArvM4/SYrwNJI0xncbUP5Jd22kiRaO', 2),
(11, 'supervisor8', 'Supervisor8', 'supervisor8@supervisor.com', '$2y$12$SFUpZ2pO4rjmkz3vTe4z4OozQZQLOZYFCqmAKdQi1Ao0GflBJDCJi', 2),
(12, 'supervisor9', 'Supervisor9', 'supervisor9@supervisor.com', '$2y$12$fRVr7Im1XZB7vpJM9tx81eVGgQYnrqkksFcOBTqmsHhvMS37m85yW', 2),
(13, 'supervisor10', 'Supervisor10', 'supervisor10@supervisor.com', '$2y$12$KLRVjhJvrjfU5EY0gbyDI.GJh6JZ4kutijc71xz4CFj4rmZuT195i', 2),
(14, 'bEva', 'Balogh Éva', 'balogheva@gmail.com', '$2y$12$kcBiI00CUWXfMEl.8TWOD.yu/hitkuvOEPDMgiF0RdxHarGwDY0X6', 3),
(15, 'nKatalin', 'Nagy Katalin', 'nagykatalin@gmail.com', '$2y$12$GOvRaAn5RED..5Px5kbO.umbTBExfcLJMfFvNrguuryGyFtdHsYem', 3),
(16, 'sMihaly', 'Szabó Mihály', 'szabomihaly@gmail.com', '$2y$12$P3EmAzvz3s2anNrxxblctO61c8nJ/4sTPI1VkTkl3E2Wzdb6VenFS', 3),
(17, 'bEndre', 'Balogh Endre', 'baloghendre@gmail.com', '$2y$12$pkRvArOAMJ7m2sJRIg1bM.hQwhp5Yyskx9GRXz/M1e9kGp39QdJtK', 3),
(18, 'kJozsef', 'Kozma József', 'kozma.jozsef@gmail.com', '$2y$12$SHB.B3P.DsqRbwSFLueeiuyXNx.16.bCAmyPbKFibXoD0b24VpxTy', 3),
(19, 'tKatalin', 'Tóth Katalin', 'tothkatalin@gmail.com', '$2y$12$FfCsBrspEPU4Olj3nh7QhuWiBwYOwbIbnO/i/sjvTfj9YZleW7kVq', 3),
(20, 'sDezso', 'Szabó Dezső', 'szabodezso@gmail.com', '$2y$12$3ZKsOXbW0yP6cSoecx5E3ONUsnJ7nwNnXfobLIp4GqXh.kthxaoRa', 3),
(21, 'mRobert', 'Magyar Róbert', 'magyarrobert@gmail.com', '$2y$12$vTOXgN3rKcMjkuxcuq2r2upo9f/Hz/uy5xfunwtbr3esn6gktvmQm', 3),
(22, 'bDavid', 'Balogh Dávid', 'baloghdavid@gmail.com', '$2y$12$jg23vQ8b6gxYCbT0t1FECO7sn6OgP0yTsz3KI6ky012ACGfRZuX/W', 3),
(23, 'nErika', 'Nagy Erika', 'nagy.erika@gmail.com', '$2y$12$lTLRNY6/h/wZkKzkNRpSY.K0621jCdDgv0OJJF6jP4q3CQXAX4aWO', 3),
(24, 'jTamas', 'Juhász Tamás', 'juhasztamas@gmail.com', '$2y$12$BtfKPValq5p7.y/AH8sJgedo/i9FrqQnZ9XGekFA/mObSfpVPImPO', 3),
(25, 'fAttila', 'Farkas Attila', 'farkasattila@gmail.com', '$2y$12$v.UYWM0NqPJTXUlyyGMV/.TYBJMrT9HksOOAPDhvySXbAf.c3pcqK', 3),
(26, 'bHajnalka', 'Bognár Hajnalka', 'bognarhajnalka@gmail.com', '$2y$12$z0qqZWZq.A.kdHuSPzH9YOpHizw.MMifpyHJwLLmEWg98ORZg8JVO', 3),
(27, 'tAttila', 'Takács Attila', 'takacsattila@gmail.com', '$2y$12$bMUX9R4w6bxr4mZQTGaxkueWpp8okE4th7/hHZZRXAAImDIuz4dwW', 3),
(28, 'fZoltan', 'Fülöp Zoltán', 'fulopzoltan@gmail.com', '$2y$12$ydMGPK4IFziKmljqmm0P8eg3Wy7/Km0SlAWUsaOb.hMeqNoGzdTwm', 3),
(29, 'hAnna', 'Horváth Anna', 'horvathanna@gmail.com', '$2y$12$.YTwzcfLMad45zq7CIqEz.V/7VGtnK3Bj9rqBhpvCds3CahYdpoYG', 3),
(30, 'gVeronika', 'Gulyás Veronika', 'gulyasveronika@gmail.com', '$2y$12$P/I.lyTHsJL7qnSrLvG/0uPm/mg29XmuUpNAQazrmTcpVaVX1saXi', 3),
(31, 'mNora', 'Molnár Nóra', 'molnarnora@gmail.com', '$2y$12$F.ATMvgg1vfLHaUPZoLcAOUQ4p4WawLoy7p653g7rF/369iZ3teyS', 3),
(32, 'pAgnes', 'Papp Ágnes', 'pappagnes@gmail.com', '$2y$12$4rP.qR5.MvKqjKjBRUbR0uaukxAHQLPTIhhjqCgC1PFf24b/JyRGe', 3),
(33, 'sIvan', 'Szűcs Iván', 'szucsivan@gmail.com', '$2y$12$suVqWgTelEeZ/pfEOlRFQOP3j4RDJVnw0wdyeCaR382Ob1f7yDzdS', 3),
(34, 'tBalint', 'Tóth Bálint', 'tothbalint@gmail.com', '$2y$12$OsFdo.BojElXgXfUsLMNq.qTt6lkoQ2W3WQe3zQMJoEBtc2gdPwHa', 3),
(35, 'hJudit', 'Horváth Judit', 'horvathjudit@gmail.com', '$2y$12$vGsEFNvfmau6oX6fwAj/auCRzsLMJZDURuKQEcCBz2O6l4XEAS/FS', 3),
(36, 'fZoltan', 'Farkas Zoltán', 'farkaszoltan@gmail.com', '$2y$12$vK8c5aGIJGX.akZuJXe3..lcUaXQ5E/L/bUTviyF5a9sSJ3ItfuQi', 3),
(37, 'mLaszlo', 'Máté László', 'matelaszlo@gmail.com', '$2y$12$mLaVccNTH0YqUGY6Wfjb9u4qQ42rZ/seJJ9xUmXIfNi/89xxEpnwO', 3),
(38, 'vZoltan', 'Varga Zoltán', 'vargazoltan@gmail.com', '$2y$12$I5TDpFO2ENHfRw3OJA8cbemyvT5p4r1LGKT9hrC3dV/whwhmrHtqy', 3),
(39, 'kJozsef', 'Kiss József', 'kissjozsef@gmail.com', '$2y$12$EKc48OuI.OWb.gnf/ER.VO0OlzE800SA/zwE7GFnBXTrzR/i/AcTu', 3),
(40, 'nLili', 'Nagy Lili', 'nagylili@gmail.com', '$2y$12$U2x9DN..6rAMtlgKOUf5AutF9cpW.aTFvLVC.UEv6.lE0ZcrBfKay', 3),
(41, 'bTamás', 'Borbély Tamás', 'borbelytamas@gmail.com', '$2y$12$.8ekGwqvAAQ9ZZkc2WXrX.aeIgK8IFh3k7bnPk1TRA2Guc8ei8zc6', 3),
(42, 'sAdam', 'Somogyi Ádám', 'somogyiadam@gmail.com', '$2y$12$iBZqV2Q5G/XZDoZPPbq3jeh.rNGLpWgqd3jUoROwXWxXRXvMdISJC', 3),
(43, 'vJozsef', 'Vass József', 'vassjozsef@gmail.com', '$2y$12$V0p3kEMVN7Ndj.SMk8HueuqppZzqujoqzQEuZuwgR6jupBUEZZp1e', 3),
(44, 'jBence', 'Jakab Bence', 'jakabbence@gmail.com', '$2y$12$1xDzDNub0Tl7uvBS.FFHJud33xUUy85e8/DxH3i/6zmInaNoFr75e', 3),
(45, 'fCsaba', 'Farkas Csaba', 'farkascsaba@gmail.com', '$2y$12$EC65a7uZhxsqM9Wdj1hsQOjs7BHTRvvDHGDtPtO4.TKstzs6JCJIC', 3),
(46, 'tMark', 'Tóth Márk', 'tothmark@gmail.com', '$2y$12$cgWEzvIChbGpCxuGG9.kW.t4nNMBrhGNjh.uVC5OmodObXFBKV/UG', 3),
(47, 'mKrisztian', 'Mészáros Krisztián', 'meszaroskrisztian@gmail.com', '$2y$12$/dS2geBDucqof0mr3Nzz2.3RhUEpk8JM83Gbm2jYTn5y8hD..wjpS', 3),
(48, 'pVilmos', 'Pál Vilmos', 'palvilmos@gmail.com', '$2y$12$LymqM8QYJI27AHMG0/5KZeV4lo7gugmcvqhQXqjNEwstt0sTb6nQq', 3),
(49, 'kGabor', 'Kiss Gábor', 'kissgabor@gmail.com', '$2y$12$egAXKV4WEWbWBrchhlVCP.jDQy87mcWJNwTS1sVTu6BiIaQzie9we', 3),
(50, 'kHanna', 'Kovács Hanna', 'kovacshanna@gmail.com', '$2y$12$gMvqbegMxiy0S9JpIzUsWuNmYKk.LwXfpeGb2iDhFF9KExyphbpeO', 3),
(51, 'mJanos', 'Molnár János', 'molnarjanos@gmail.com', '$2y$12$d4yrZTT7tyhdznDti4MPJeNf/v9ifZ/e7nlr4RCIJ62pqlC4iTU5O', 3),
(52, 'hLaszlo', 'Horváth László', 'horvathlaszlo@gmail.com', '$2y$12$bhrQOov3wcQuHb3Wgsr3YuZRdiPPl6ADpEUMMRgxHx228hxzDA06i', 3),
(53, 'nRobert', 'Németh Róbert', 'nemethrobert@gmail.com', '$2y$12$jkxxQkRS1QQkKMMwCx.0yuPZgRq.QXAHbrKsKZYDDutoRMsCQKjRu', 3),
(54, 'tMartin', 'Takács Martin', 'takacsmartin@gmail.com', '$2y$12$oFenFciU/pCORFLfYBZr9eMzA2.EcFleV3pp.wOTGxOfPZergQy3y', 3),
(55, 'tTamas', 'Tóth Tamás', 'tothtamas@gmail.com', '$2y$12$IX93c3ehQ6Bty/5gy/Dqwe3AUrtfO5kFeEjj5eSj8qdpscqN3ek5K', 3),
(56, 'tZsofia', 'Török Zsófia', 'torokzsofia@gmail.com', '$2y$12$2HK7Yx98GppBkXOxc1zh6usO0Ep8KMpilE8dcxsd2F1Z4AAiu.al6', 3),
(57, 'nRozsa', 'Nagy Rózsa', 'nagyrozsa@gmail.com', '$2y$12$.oh.31YzJrQUEkM1G9pqNuDhY1UXAjpTBi3YyOVtXlNvqrUU/3nUe', 3),
(58, 'fMonika', 'Fazekas Mónika', 'fazekasmonika@gmail.com', '$2y$12$mxBlrId/NY6tXDQdWnubv.HlV7zY64WkChpXkiAD4W5WVTHAq7i/i', 3),
(59, 'vCsilla', 'Veres Csilla', 'verescsilla@gmail.com', '$2y$12$LpBj43nGlxbKQOmAvNm7UeTp06ZU3fqCNl5k5uua9GjxDGBmKPe6y', 3),
(60, 'kJudit', 'Kovács Judit', 'kovacsjudit@gmail.com', '$2y$12$ZYl4fPhjCeJQyTmSIxuVOeCCqj.pa/TFJABbFoXDL813C6YWQhMxu', 3),
(61, 'oIldiko', 'Oláh Ildikó', 'olahildiko@gmail.com', '$2y$12$F.sOw8RQId6IzoYNnB.aku01khVczr6GPG3SBkrEna2fOHbnJsyvq', 3),
(62, 'mKlara', 'Molnár Klára', 'molnarklara@gmail.com', '$2y$12$gKj5kwKr07mBkxXFP4C7T.GIslcRXUsmnRMOTdSXgZOKNYOrK/jCu', 3),
(63, 'mMaria', 'Mészáros Mária', 'meszarosmaria@gmail.com', '$2y$12$RyRJHzrzQToEwt2VshAS1ekyasrt2gooou5l5xBSrgrFD23nAO3h2', 3),
(64, 'tMaria', 'Tóth Mária', 'tothmaria@gmail.com', '$2y$12$u4gI3HLTsHiFpf02JYOOquVd4fNt0n9kYzpDmnS9eeUEtpxelOMQy', 3),
(65, 'lIlona', 'Lengyel Ilona', 'lengyelilona@gmail.com', '$2y$12$YTRy1wUuLBwOnKS8eaFizeRR/3.pF/vGMOdr98VBYov.IFCzpRa/6', 3),
(66, 'bGyozo', 'Balogh Győző', 'baloghgyozo@gmail.com', '$2y$12$BPaMWV6s1a.i6yvGlqaKteBo.mXKMudiaO7nYEEha9GP6tVTEX8Am', 3),
(67, 'sIldiko', 'Szabó Ildikó', 'szaboildiko@gmail.com', '$2y$12$KtA5Mw8X1dw38OTQ9gPun.Ne/TJJVqYm.WcoI8stSeGMJyGc/w9wC', 3),
(68, 'hKatalin', 'Horváth Katalin', 'horvathkatalin@gmail.com', '$2y$12$FrtITdTVg5eYMTRhySU92OWXEKcFRCfFkYjZRUpd/F5lX5anicmVG', 3),
(69, 'sErika', 'Szabó Erika', 'szaboerika@gmail.com', '$2y$12$EEhFlCTAU2Nj.M.fNF5o0udE1XW7AWbLn6O7d8GTbqDfXguBNdw7S', 3),
(70, 'vAnna', 'Varga Anna', 'vargaanna@gmail.com', '$2y$12$cZFAJrRfulN0HhrQB3g.lu9tcvJ5jxF3cpW9cpdiMlcMrl0L8JRU.', 3),
(71, 'kRobert', 'Király Róbert', 'kiralyrobert@gmail.com', '$2y$12$ttig6huZPZmU6b4.we0BB.0cUJW4UDdm3M5EjmmCSkA3fkRtR0ZQ.', 3),
(72, 'nMaria', 'Nagy Mária', 'nagymaria@gmail.com', '$2y$12$26rEUQWJznd7V1xMMNlitOA9wci0P9nWij/pVRBsMz/RFRg6BtGvq', 3),
(73, 'lFanni', 'Lengyel Fanni', 'lengyelfanni@gmail.com', '$2y$12$qy5txdEsim3JG8QcKSWb1.XyicoPy/3bFxn1IDBZGeDt0Tqszpf2m', 3);

-- 
-- Dumping data for table result_types
--
INSERT INTO result_types VALUES
(1, 'point'),
(2, 'time');

-- 
-- Dumping data for table competitions
--
INSERT INTO competitions VALUES
(1, 'Budai Milán emléktorna', '2025-05-12', 'Budapesti Budai Milán Szakközép Iskola', '2025-05-05', '2025-05-11', 1),
(2, 'Teszt', '2025-05-09', 'Teszt', '2025-05-06', '2025-05-04', 0);

-- 
-- Dumping data for table teams
--
INSERT INTO teams VALUES
(1, 1, 'Sasok', 'Mellékkövesdi Fekete Magdolna Szakközép Iskola', 17),
(2, 1, 'Kígyóbűvölők', 'Orosztamásinémetii Kovács Krisztina Szakközép Iskola', 25),
(3, 1, 'Spártaiak', 'Tótnémeti Szabó Beáta Szakközép Iskola', 29),
(4, 1, 'XVI. Kerület', 'Zalaegerszegi Pintér Károly Szakközép Iskola', 34),
(5, 1, 'FC Barcelona', 'Somogykeresztapáti Hegedüs Mónika Szakközép Iskola', 39),
(6, 1, 'Misztikusok', 'Nagykanizsai Szilágyi Erzsébet Szakközép Iskola', 44),
(7, 1, 'Falcons', 'Myírfürdőbányai Juhász Levente Szakközép Iskola', 51),
(8, 1, 'Krumplievők', 'Érdi Nagy Erzsébet Szakközép Iskola', 58),
(9, 1, 'Használt liderécek', 'Ligetfalvai Kiss Eszter Szakközép Iskola', 67),
(10, 1, 'Autómosók', 'Hetvenhalasi Veres Irma Szakközép Iskola', 70);

-- 
-- Dumping data for table stations
--
INSERT INTO stations VALUES
(1, 'Golf', '7. terem', 0.5, 1, 1, 4, 1),
(2, 'Kosárlabda', '26. terem', 0.5, 1, 1, 10, 1),
(3, 'Snowboard', '51. terem', 1, 0, 2, 13, 1),
(4, 'Síelés', '25. terem', 0.7, 0, 2, 9, 1),
(5, 'Jégkorong', '40. terem', 1, 1, 1, 10, 1),
(6, 'Íjászat', '27. terem', 1, 1, 1, 4, 1),
(7, 'Labdarúgás', '15. terem', 0.5, 1, 1, 10, 1),
(8, 'Futás', '41. terem', 0.7, 0, 2, 5, 1),
(9, 'Birkózás', '28. terem', 0.7, 1, 1, 10, 1),
(10, 'Röplabda', '53. terem', 1, 1, 1, 6, 1);

-- 
-- Dumping data for table team_members
--
INSERT INTO team_members VALUES
(1, 1, 'Boros Katinka', 0),
(2, 7, 'Orbán Kristóf', 0),
(3, 2, 'Major Áron', 0),
(4, 3, 'Kerekes Dorián', 0),
(5, 1, 'Balázs Zoltán', 0),
(6, 10, 'Szűcs Julianna', 0),
(7, 5, 'Magyar Ármin', 0),
(8, 10, 'Mészáros Liza', 0),
(9, 9, 'Kiss Olivér', 0),
(10, 5, 'Tóth Kevin', 0),
(11, 1, 'Molnár Mária', 0),
(12, 8, 'Barna Szabina', 0),
(13, 10, 'Fekete Nikoletta', 0),
(14, 8, 'Gulyás Sándor', 0),
(15, 2, 'Fábián Gabriella', 0),
(16, 2, 'Pataki Jenő', 0),
(17, 9, 'Balogh Barna', 0),
(18, 3, 'Szalai Henriett', 0),
(19, 1, 'Lukács Alexa', 0),
(20, 6, 'Pataki Gábor', 0),
(21, 9, 'Deák Barna', 0),
(22, 9, 'Hegedűs László', 0),
(23, 3, 'Gáspár Mária', 0),
(24, 6, 'Sipos Alexa', 0),
(25, 7, 'Oláh Zsóka', 0),
(26, 8, 'Rácz Bence', 0),
(27, 4, 'Fábián Patrícia', 0),
(28, 5, 'Hajdu Jázmin', 0),
(29, 5, 'Kovács Szervác', 0),
(30, 5, 'Szekeres Panna', 0),
(31, 7, 'Király Virág', 0),
(32, 7, 'Szilágyi Martina', 0),
(33, 2, 'Gulyás Linda', 0),
(34, 2, 'Szőke Marietta', 0),
(35, 3, 'Jakab Patrik', 0),
(36, 6, 'Veres Adél', 0),
(37, 1, 'Máté Szabina', 0),
(38, 10, 'Bognár Mihály', 0),
(39, 2, 'Bogdán Rudolf', 0),
(40, 8, 'Oláh Angéla', 0),
(41, 9, 'Bogdán Ádám', 0),
(42, 2, 'Rácz Léna', 0),
(43, 1, 'Deák Bendegúz', 0),
(44, 2, 'Farkas Richárd', 0),
(45, 9, 'Kovács Panna', 0),
(46, 8, 'Székely Mátyás', 0),
(47, 1, 'Oláh Árpád', 0),
(48, 6, 'Szücs Zétény', 0),
(49, 4, 'Fekete Benedek', 0),
(50, 10, 'Hegedüs Kristóf', 0),
(51, 10, 'Magyar Bendegúz', 0),
(52, 5, 'Jónás Mihály', 0),
(53, 1, 'Kiss Flóra', 0),
(54, 4, 'Budai László', 0),
(55, 8, 'Pásztor Evelin', 0),
(56, 6, 'Vass Milla', 0),
(57, 9, 'Kozma Emőke', 0),
(58, 4, 'Kerekes Olivér', 0),
(59, 5, 'Gál Rudolf', 0),
(60, 2, 'Pásztor Bence', 0);

-- 
-- Dumping data for table team_at_stations
--
INSERT INTO team_at_stations VALUES
(1, 1, 1),
(2, 1, 2),
(3, 1, 3),
(4, 1, 4),
(5, 1, 5),
(6, 1, 6),
(7, 1, 7),
(8, 1, 8),
(9, 1, 9),
(10, 1, 10),
(11, 2, 1),
(12, 2, 2),
(13, 2, 3),
(14, 2, 4),
(15, 2, 5),
(16, 2, 6),
(17, 2, 7),
(18, 2, 8),
(19, 2, 9),
(20, 2, 10),
(21, 3, 1),
(22, 3, 2),
(23, 3, 3),
(24, 3, 4),
(25, 3, 5),
(26, 3, 6),
(27, 3, 7),
(28, 3, 8),
(29, 3, 9),
(30, 3, 10),
(31, 4, 1),
(32, 4, 2),
(33, 4, 3),
(34, 4, 4),
(35, 4, 5),
(36, 4, 6),
(37, 4, 7),
(38, 4, 8),
(39, 4, 9),
(40, 4, 10),
(41, 5, 1),
(42, 5, 2),
(43, 5, 3),
(44, 5, 4),
(45, 5, 5),
(46, 5, 6),
(47, 5, 7),
(48, 5, 8),
(49, 5, 9),
(50, 5, 10),
(51, 6, 1),
(52, 6, 2),
(53, 6, 3),
(54, 6, 4),
(55, 6, 5),
(56, 6, 6),
(57, 6, 7),
(58, 6, 8),
(59, 6, 9),
(60, 6, 10),
(61, 7, 1),
(62, 7, 2),
(63, 7, 3),
(64, 7, 4),
(65, 7, 5),
(66, 7, 6),
(67, 7, 7),
(68, 7, 8),
(69, 7, 9),
(70, 7, 10),
(71, 8, 1),
(72, 8, 2),
(73, 8, 3),
(74, 8, 4),
(75, 8, 5),
(76, 8, 6),
(77, 8, 7),
(78, 8, 8),
(79, 8, 9),
(80, 8, 10),
(81, 9, 1),
(82, 9, 2),
(83, 9, 3),
(84, 9, 4),
(85, 9, 5),
(86, 9, 6),
(87, 9, 7),
(88, 9, 8),
(89, 9, 9),
(90, 9, 10),
(91, 10, 1),
(92, 10, 2),
(93, 10, 3),
(94, 10, 4),
(95, 10, 5),
(96, 10, 6),
(97, 10, 7),
(98, 10, 8),
(99, 10, 9),
(100, 10, 10);

-- 
-- Dumping data for table sessions
--
-- Table sportverseny.sessions does not contain any data (it is empty)

-- 
-- Dumping data for table personal_access_tokens
--
INSERT INTO personal_access_tokens VALUES
(2, 'App\\Models\\User', 1, 'access', '4983bea9cc3031421255ecf83e2b8f2c8a2d49317a254f9528590bda71c227ec', '["*"]', '2025-04-11 13:32:00', NULL, '2025-04-11 13:22:27', '2025-04-11 13:32:00'),
(3, 'App\\Models\\User', 1, 'access', '194ae5b56eabc0223f8d7fc033e2a99636e6042534afb8c1b6aee04495606208', '["*"]', '2025-04-15 20:11:27', NULL, '2025-04-15 20:09:46', '2025-04-15 20:11:27'),
(4, 'App\\Models\\User', 1, 'access', '9e8100875350a7a557b33f0abb1451bb111ad8effaf0321c5914db603ac00686', '["*"]', '2025-04-18 10:50:53', NULL, '2025-04-18 10:47:50', '2025-04-18 10:50:53'),
(5, 'App\\Models\\User', 1, 'access', 'f38ef2a9c4d6d82c6e9c669c305d10ddad6498efdc73cfa09013c07a05f2d5dc', '["*"]', NULL, NULL, '2025-04-23 22:43:33', '2025-04-23 22:43:33'),
(10, 'App\\Models\\User', 1, 'access', '5b4a3a83f051539f9ab4c90a3519d8fe4566e0286e850c564aa0fcf6eac1c64f', '["*"]', '2025-04-24 20:36:13', NULL, '2025-04-24 20:35:25', '2025-04-24 20:36:13'),
(11, 'App\\Models\\User', 1, 'access', 'bedcc0be066dc35c5a1edc5855423e281756ef337c30e4cf0060e731e0074f11', '["*"]', '2025-04-24 22:15:28', NULL, '2025-04-24 22:11:58', '2025-04-24 22:15:28'),
(12, 'App\\Models\\User', 1, 'access', 'e8be817ff0ce3817f30aa00e5e04aaa318a9377dae0f91baf55ba5fd12f74261', '["*"]', '2025-05-04 13:53:25', NULL, '2025-05-04 13:47:19', '2025-05-04 13:53:25'),
(13, 'App\\Models\\User', 1, 'access', '69a14f53c4fbc8863e51b45e59598c69773ea2c63a9c33a309839ffbab82fd24', '["*"]', '2025-05-04 18:51:57', NULL, '2025-05-04 18:29:00', '2025-05-04 18:51:57'),
(15, 'App\\Models\\User', 1, 'access', '3498054cec2d0e2e1b8a9a79fe89d471cbff2f00007c84e6150ff759723a0b87', '["*"]', NULL, NULL, '2025-05-05 18:42:05', '2025-05-05 18:42:05'),
(16, 'App\\Models\\User', 1, 'access', 'd01658bffe5db18139b0139d0dcd857e4f9a2cae51b06f2774de96029eea2be4', '["*"]', '2025-05-05 19:35:13', NULL, '2025-05-05 19:24:08', '2025-05-05 19:35:13'),
(17, 'App\\Models\\User', 1, 'access', '2c3393fcc6df3cd4f154e15beb195099ae84d286fcc292517afcc7ccd066d617', '["*"]', '2025-05-07 12:46:22', NULL, '2025-05-07 12:24:25', '2025-05-07 12:46:22'),
(18, 'App\\Models\\User', 1, 'access', 'd10fb6e365ec1ad3ef18463a1a01d836630252400aadde745fcca555b42a5183', '["*"]', '2025-05-07 12:49:24', NULL, '2025-05-07 12:46:32', '2025-05-07 12:49:24'),
(26, 'App\\Models\\User', 1, 'access', 'f832765b1e5d4c9c1a7ee1128858e4f3e6897cadccc0a571540f34fa6285238a', '["*"]', NULL, NULL, '2025-05-07 13:32:31', '2025-05-07 13:32:31'),
(27, 'App\\Models\\User', 1, 'access', 'e79cbfe410573247548e069f2515c70e51d7b49008669b28b7eea9476eb53a8c', '["*"]', '2025-05-07 20:06:54', NULL, '2025-05-07 18:40:47', '2025-05-07 20:06:54'),
(28, 'App\\Models\\User', 1, 'access', '910fd6ab97447bba0c8ad399895c583cd66784533500c59aa1d30910fef2efc4', '["*"]', '2025-05-07 19:04:51', NULL, '2025-05-07 19:04:48', '2025-05-07 19:04:51'),
(29, 'App\\Models\\User', 1, 'access', 'e43fd6353f8eb61fcbf048351f88470897cc7f143f5e75c1f51e683564334727', '["*"]', '2025-05-09 18:39:40', NULL, '2025-05-09 18:15:39', '2025-05-09 18:39:40');

-- 
-- Dumping data for table password_reset_tokens
--
-- Table sportverseny.password_reset_tokens does not contain any data (it is empty)

-- 
-- Dumping data for table migrations
--
INSERT INTO migrations VALUES
(13, '0001_01_01_000000_create_roles_table', 1),
(14, '0001_01_01_000000_create_users_table', 1),
(15, '0001_01_01_000001_create_cache_table', 1),
(16, '0001_01_01_000002_create_jobs_table', 1),
(17, '2024_11_25_101625_create_personal_access_tokens_table', 1),
(18, '2025_01_31_091513_create_result_types_table', 1),
(19, '2025_01_31_091514_create_competitions_table', 1),
(20, '2025_01_31_091515_create_stations_table', 1),
(21, '2025_01_31_091600_create_teams_table', 1),
(22, '2025_01_31_091605_create_team_members_table', 1),
(23, '2025_01_31_091622_create_team_at_stations_table', 1),
(24, '2025_01_31_091633_create_member_results_at_stations_table', 1);

-- 
-- Dumping data for table member_results_at_stations
--
INSERT INTO member_results_at_stations VALUES
(1, 1, 1, 99, NULL),
(2, 2, 1, 1, NULL),
(3, 3, 1, NULL, '00:02:00'),
(4, 4, 1, NULL, '00:02:19'),
(5, 5, 1, 51, NULL),
(6, 6, 1, 9, NULL),
(7, 7, 1, 60, NULL),
(8, 8, 1, NULL, '00:01:54'),
(9, 9, 1, 2, NULL),
(10, 10, 1, 3, NULL),
(11, 11, 1, 70, NULL),
(12, 12, 1, 81, NULL),
(13, 13, 1, NULL, '00:00:55'),
(14, 14, 1, NULL, '00:01:51'),
(15, 15, 1, 50, NULL),
(16, 16, 1, 94, NULL),
(17, 17, 1, 88, NULL),
(18, 18, 1, NULL, '00:02:48'),
(19, 19, 1, 64, NULL),
(20, 20, 1, 84, NULL),
(21, 21, 1, 49, NULL),
(22, 22, 1, 34, NULL),
(23, 23, 1, NULL, '00:02:50'),
(24, 24, 1, NULL, '00:02:35'),
(25, 25, 1, 66, NULL),
(26, 26, 1, 13, NULL),
(27, 27, 1, 12, NULL),
(28, 28, 1, NULL, '00:02:53'),
(29, 29, 1, 50, NULL),
(30, 30, 1, 14, NULL),
(31, 31, 1, 96, NULL),
(32, 32, 1, 46, NULL),
(33, 33, 1, NULL, '00:02:41'),
(34, 34, 1, NULL, '00:02:22'),
(35, 35, 1, 7, NULL),
(36, 36, 1, 55, NULL),
(37, 37, 1, 78, NULL),
(38, 38, 1, NULL, '00:02:13'),
(39, 39, 1, 14, NULL),
(40, 40, 1, 91, NULL),
(41, 41, 1, 29, NULL),
(42, 42, 1, 37, NULL),
(43, 43, 1, NULL, '00:01:22'),
(44, 44, 1, NULL, '00:00:42'),
(45, 45, 1, 84, NULL),
(46, 46, 1, 93, NULL),
(47, 47, 1, 52, NULL),
(48, 48, 1, NULL, '00:01:47'),
(49, 49, 1, 40, NULL),
(50, 50, 1, 48, NULL),
(51, 51, 1, 60, NULL),
(52, 52, 1, 18, NULL),
(53, 53, 1, NULL, '00:00:05'),
(54, 54, 1, NULL, '00:01:25'),
(55, 55, 1, 23, NULL),
(56, 56, 1, 63, NULL),
(57, 57, 1, 28, NULL),
(58, 58, 1, NULL, '00:01:47'),
(59, 59, 1, 51, NULL),
(60, 60, 1, 4, NULL),
(61, 61, 1, 22, NULL),
(62, 62, 1, 45, NULL),
(63, 63, 1, NULL, '00:00:53'),
(64, 64, 1, NULL, '00:02:22'),
(65, 65, 1, 38, NULL),
(66, 66, 1, 56, NULL),
(67, 67, 1, 62, NULL),
(68, 68, 1, NULL, '00:02:42'),
(69, 69, 1, 48, NULL),
(70, 70, 1, 92, NULL),
(71, 71, 1, 50, NULL),
(72, 72, 1, 95, NULL),
(73, 73, 1, NULL, '00:01:14'),
(74, 74, 1, NULL, '00:00:09'),
(75, 75, 1, 8, NULL),
(76, 76, 1, 83, NULL),
(77, 77, 1, 1, NULL),
(78, 78, 1, NULL, '00:01:54'),
(79, 79, 1, 56, NULL),
(80, 80, 1, 14, NULL),
(81, 81, 1, 26, NULL),
(82, 82, 1, 71, NULL),
(83, 83, 1, NULL, '00:02:21'),
(84, 84, 1, NULL, '00:00:24'),
(85, 85, 1, 90, NULL),
(86, 86, 1, 91, NULL),
(87, 87, 1, 68, NULL),
(88, 88, 1, NULL, '00:02:19'),
(89, 89, 1, 31, NULL),
(90, 90, 1, 97, NULL),
(91, 91, 1, 86, NULL),
(92, 92, 1, 54, NULL),
(93, 93, 1, NULL, '00:00:16'),
(94, 94, 1, NULL, '00:01:05'),
(95, 95, 1, 33, NULL),
(96, 96, 1, 63, NULL),
(97, 97, 1, 51, NULL),
(98, 98, 1, NULL, '00:00:14'),
(99, 99, 1, 97, NULL),
(100, 100, 1, 12, NULL),
(101, 1, 2, 68, NULL),
(102, 2, 2, 61, NULL),
(103, 3, 2, NULL, '00:02:26'),
(104, 4, 2, NULL, '00:02:53'),
(105, 5, 2, 68, NULL),
(106, 6, 2, 42, NULL),
(107, 7, 2, 80, NULL),
(108, 8, 2, NULL, '00:00:36'),
(109, 9, 2, 13, NULL),
(110, 10, 2, 74, NULL),
(111, 11, 2, 77, NULL),
(112, 12, 2, 75, NULL),
(113, 13, 2, NULL, '00:00:37'),
(114, 14, 2, NULL, '00:00:40'),
(115, 15, 2, 25, NULL),
(116, 16, 2, 56, NULL),
(117, 17, 2, 41, NULL),
(118, 18, 2, NULL, '00:02:43'),
(119, 19, 2, 34, NULL),
(120, 20, 2, 89, NULL),
(121, 21, 2, 27, NULL),
(122, 22, 2, 6, NULL),
(123, 23, 2, NULL, '00:01:17'),
(124, 24, 2, NULL, '00:00:10'),
(125, 25, 2, 21, NULL),
(126, 26, 2, 4, NULL),
(127, 27, 2, 87, NULL),
(128, 28, 2, NULL, '00:00:02'),
(129, 29, 2, 78, NULL),
(130, 30, 2, 66, NULL),
(131, 31, 2, 81, NULL),
(132, 32, 2, 69, NULL),
(133, 33, 2, NULL, '00:02:04'),
(134, 34, 2, NULL, '00:00:44'),
(135, 35, 2, 80, NULL),
(136, 36, 2, 17, NULL),
(137, 37, 2, 43, NULL),
(138, 38, 2, NULL, '00:02:54'),
(139, 39, 2, 10, NULL),
(140, 40, 2, 91, NULL),
(141, 41, 2, 37, NULL),
(142, 42, 2, 79, NULL),
(143, 43, 2, NULL, '00:01:13'),
(144, 44, 2, NULL, '00:01:02'),
(145, 45, 2, 24, NULL),
(146, 46, 2, 37, NULL),
(147, 47, 2, 50, NULL),
(148, 48, 2, NULL, '00:02:24'),
(149, 49, 2, 91, NULL),
(150, 50, 2, 27, NULL),
(151, 51, 2, 39, NULL),
(152, 52, 2, 40, NULL),
(153, 53, 2, NULL, '00:02:09'),
(154, 54, 2, NULL, '00:01:13'),
(155, 55, 2, 66, NULL),
(156, 56, 2, 23, NULL),
(157, 57, 2, 87, NULL),
(158, 58, 2, NULL, '00:01:05'),
(159, 59, 2, 98, NULL),
(160, 60, 2, 36, NULL),
(161, 61, 2, 48, NULL),
(162, 62, 2, 82, NULL),
(163, 63, 2, NULL, '00:01:35'),
(164, 64, 2, NULL, '00:02:29'),
(165, 65, 2, 60, NULL),
(166, 66, 2, 40, NULL),
(167, 67, 2, 57, NULL),
(168, 68, 2, NULL, '00:02:49'),
(169, 69, 2, 90, NULL),
(170, 70, 2, 82, NULL),
(171, 71, 2, 62, NULL),
(172, 72, 2, 7, NULL),
(173, 73, 2, NULL, '00:00:02'),
(174, 74, 2, NULL, '00:02:53'),
(175, 75, 2, 21, NULL),
(176, 76, 2, 96, NULL),
(177, 77, 2, 36, NULL),
(178, 78, 2, NULL, '00:02:18'),
(179, 79, 2, 98, NULL),
(180, 80, 2, 58, NULL),
(181, 81, 2, 99, NULL),
(182, 82, 2, 67, NULL),
(183, 83, 2, NULL, '00:00:54'),
(184, 84, 2, NULL, '00:01:54'),
(185, 85, 2, 6, NULL),
(186, 86, 2, 10, NULL),
(187, 87, 2, 65, NULL),
(188, 88, 2, NULL, '00:01:51'),
(189, 89, 2, 22, NULL),
(190, 90, 2, 47, NULL),
(191, 91, 2, 22, NULL),
(192, 92, 2, 20, NULL),
(193, 93, 2, NULL, '00:01:33'),
(194, 94, 2, NULL, '00:01:30'),
(195, 95, 2, 52, NULL),
(196, 96, 2, 45, NULL),
(197, 97, 2, 21, NULL),
(198, 98, 2, NULL, '00:02:33'),
(199, 99, 2, 29, NULL),
(200, 100, 2, 27, NULL),
(201, 1, 3, 63, NULL),
(202, 2, 3, 32, NULL),
(203, 3, 3, NULL, '00:02:05'),
(204, 4, 3, NULL, '00:00:08'),
(205, 5, 3, 97, NULL),
(206, 6, 3, 54, NULL),
(207, 7, 3, 40, NULL),
(208, 8, 3, NULL, '00:00:03'),
(209, 9, 3, 49, NULL),
(210, 10, 3, 42, NULL),
(211, 11, 3, 5, NULL),
(212, 12, 3, 43, NULL),
(213, 13, 3, NULL, '00:00:59'),
(214, 14, 3, NULL, '00:00:39'),
(215, 15, 3, 86, NULL),
(216, 16, 3, 71, NULL),
(217, 17, 3, 92, NULL),
(218, 18, 3, NULL, '00:00:58'),
(219, 19, 3, 42, NULL),
(220, 20, 3, 73, NULL),
(221, 21, 3, 28, NULL),
(222, 22, 3, 8, NULL),
(223, 23, 3, NULL, '00:02:22'),
(224, 24, 3, NULL, '00:02:32'),
(225, 25, 3, 52, NULL),
(226, 26, 3, 96, NULL),
(227, 27, 3, 88, NULL),
(228, 28, 3, NULL, '00:01:02'),
(229, 29, 3, 97, NULL),
(230, 30, 3, 68, NULL),
(231, 31, 3, 30, NULL),
(232, 32, 3, 4, NULL),
(233, 33, 3, NULL, '00:00:56'),
(234, 34, 3, NULL, '00:00:06'),
(235, 35, 3, 30, NULL),
(236, 36, 3, 46, NULL),
(237, 37, 3, 4, NULL),
(238, 38, 3, NULL, '00:02:32'),
(239, 39, 3, 22, NULL),
(240, 40, 3, 71, NULL),
(241, 41, 3, 92, NULL),
(242, 42, 3, 56, NULL),
(243, 43, 3, NULL, '00:01:42'),
(244, 44, 3, NULL, '00:00:01'),
(245, 45, 3, 2, NULL),
(246, 46, 3, 65, NULL),
(247, 47, 3, 96, NULL),
(248, 48, 3, NULL, '00:01:49'),
(249, 49, 3, 13, NULL),
(250, 50, 3, 40, NULL),
(251, 51, 3, 65, NULL),
(252, 52, 3, 17, NULL),
(253, 53, 3, NULL, '00:01:29'),
(254, 54, 3, NULL, '00:00:50'),
(255, 55, 3, 81, NULL),
(256, 56, 3, 60, NULL),
(257, 57, 3, 58, NULL),
(258, 58, 3, NULL, '00:02:07'),
(259, 59, 3, 96, NULL),
(260, 60, 3, 71, NULL),
(261, 61, 3, 25, NULL),
(262, 62, 3, 79, NULL),
(263, 63, 3, NULL, '00:02:31'),
(264, 64, 3, NULL, '00:00:27'),
(265, 65, 3, 9, NULL),
(266, 66, 3, 71, NULL),
(267, 67, 3, 6, NULL),
(268, 68, 3, NULL, '00:02:25'),
(269, 69, 3, 95, NULL),
(270, 70, 3, 28, NULL),
(271, 71, 3, 48, NULL),
(272, 72, 3, 62, NULL),
(273, 73, 3, NULL, '00:02:19'),
(274, 74, 3, NULL, '00:02:58'),
(275, 75, 3, 60, NULL),
(276, 76, 3, 43, NULL),
(277, 77, 3, 48, NULL),
(278, 78, 3, NULL, '00:02:54'),
(279, 79, 3, 90, NULL),
(280, 80, 3, 31, NULL),
(281, 81, 3, 5, NULL),
(282, 82, 3, 70, NULL),
(283, 83, 3, NULL, '00:02:58'),
(284, 84, 3, NULL, '00:00:49'),
(285, 85, 3, 14, NULL),
(286, 86, 3, 40, NULL),
(287, 87, 3, 46, NULL),
(288, 88, 3, NULL, '00:00:53'),
(289, 89, 3, 77, NULL),
(290, 90, 3, 99, NULL),
(291, 91, 3, 82, NULL),
(292, 92, 3, 43, NULL),
(293, 93, 3, NULL, '00:01:01'),
(294, 94, 3, NULL, '00:00:32'),
(295, 95, 3, 51, NULL),
(296, 96, 3, 19, NULL),
(297, 97, 3, 57, NULL),
(298, 98, 3, NULL, '00:00:26'),
(299, 99, 3, 39, NULL),
(300, 100, 3, 58, NULL),
(301, 1, 4, 79, NULL),
(302, 2, 4, 50, NULL),
(303, 3, 4, NULL, '00:02:15'),
(304, 4, 4, NULL, '00:02:24'),
(305, 5, 4, 14, NULL),
(306, 6, 4, 99, NULL),
(307, 7, 4, 80, NULL),
(308, 8, 4, NULL, '00:02:59'),
(309, 9, 4, 95, NULL),
(310, 10, 4, 60, NULL),
(311, 11, 4, 85, NULL),
(312, 12, 4, 54, NULL),
(313, 13, 4, NULL, '00:00:58'),
(314, 14, 4, NULL, '00:01:30'),
(315, 15, 4, 94, NULL),
(316, 16, 4, 40, NULL),
(317, 17, 4, 100, NULL),
(318, 18, 4, NULL, '00:02:19'),
(319, 19, 4, 5, NULL),
(320, 20, 4, 88, NULL),
(321, 21, 4, 28, NULL),
(322, 22, 4, 63, NULL),
(323, 23, 4, NULL, '00:01:50'),
(324, 24, 4, NULL, '00:01:11'),
(325, 25, 4, 10, NULL),
(326, 26, 4, 6, NULL),
(327, 27, 4, 17, NULL),
(328, 28, 4, NULL, '00:01:01'),
(329, 29, 4, 96, NULL),
(330, 30, 4, 39, NULL),
(331, 31, 4, 87, NULL),
(332, 32, 4, 43, NULL),
(333, 33, 4, NULL, '00:00:19'),
(334, 34, 4, NULL, '00:02:36'),
(335, 35, 4, 74, NULL),
(336, 36, 4, 63, NULL),
(337, 37, 4, 98, NULL),
(338, 38, 4, NULL, '00:01:23'),
(339, 39, 4, 12, NULL),
(340, 40, 4, 40, NULL),
(341, 41, 4, 64, NULL),
(342, 42, 4, 52, NULL),
(343, 43, 4, NULL, '00:02:55'),
(344, 44, 4, NULL, '00:01:47'),
(345, 45, 4, 81, NULL),
(346, 46, 4, 66, NULL),
(347, 47, 4, 40, NULL),
(348, 48, 4, NULL, '00:01:50'),
(349, 49, 4, 16, NULL),
(350, 50, 4, 99, NULL),
(351, 51, 4, 24, NULL),
(352, 52, 4, 53, NULL),
(353, 53, 4, NULL, '00:00:13'),
(354, 54, 4, NULL, '00:01:29'),
(355, 55, 4, 4, NULL),
(356, 56, 4, 42, NULL),
(357, 57, 4, 64, NULL),
(358, 58, 4, NULL, '00:01:50'),
(359, 59, 4, 75, NULL),
(360, 60, 4, 46, NULL),
(361, 61, 4, 46, NULL),
(362, 62, 4, 8, NULL),
(363, 63, 4, NULL, '00:00:40'),
(364, 64, 4, NULL, '00:01:04'),
(365, 65, 4, 84, NULL),
(366, 66, 4, 5, NULL),
(367, 67, 4, 25, NULL),
(368, 68, 4, NULL, '00:00:56'),
(369, 69, 4, 61, NULL),
(370, 70, 4, 3, NULL),
(371, 71, 4, 11, NULL),
(372, 72, 4, 65, NULL),
(373, 73, 4, NULL, '00:02:18'),
(374, 74, 4, NULL, '00:02:31'),
(375, 75, 4, 84, NULL),
(376, 76, 4, 0, NULL),
(377, 77, 4, 8, NULL),
(378, 78, 4, NULL, '00:02:09'),
(379, 79, 4, 44, NULL),
(380, 80, 4, 84, NULL),
(381, 81, 4, 19, NULL),
(382, 82, 4, 78, NULL),
(383, 83, 4, NULL, '00:00:36'),
(384, 84, 4, NULL, '00:00:08'),
(385, 85, 4, 63, NULL),
(386, 86, 4, 42, NULL),
(387, 87, 4, 17, NULL),
(388, 88, 4, NULL, '00:02:29'),
(389, 89, 4, 1, NULL),
(390, 90, 4, 25, NULL),
(391, 91, 4, 78, NULL),
(392, 92, 4, 30, NULL),
(393, 93, 4, NULL, '00:00:52'),
(394, 94, 4, NULL, '00:00:13'),
(395, 95, 4, 74, NULL),
(396, 96, 4, 34, NULL),
(397, 97, 4, 65, NULL),
(398, 98, 4, NULL, '00:02:43'),
(399, 99, 4, 42, NULL),
(400, 100, 4, 33, NULL),
(401, 1, 5, 70, NULL),
(402, 2, 5, 1, NULL),
(403, 3, 5, NULL, '00:00:07'),
(404, 4, 5, NULL, '00:00:14'),
(405, 5, 5, 50, NULL),
(406, 6, 5, 54, NULL),
(407, 7, 5, 25, NULL),
(408, 8, 5, NULL, '00:00:45'),
(409, 9, 5, 5, NULL),
(410, 10, 5, 24, NULL),
(411, 11, 5, 64, NULL),
(412, 12, 5, 7, NULL),
(413, 13, 5, NULL, '00:01:55'),
(414, 14, 5, NULL, '00:02:33'),
(415, 15, 5, 21, NULL),
(416, 16, 5, 90, NULL),
(417, 17, 5, 40, NULL),
(418, 18, 5, NULL, '00:02:41'),
(419, 19, 5, 11, NULL),
(420, 20, 5, 27, NULL),
(421, 21, 5, 42, NULL),
(422, 22, 5, 3, NULL),
(423, 23, 5, NULL, '00:02:35'),
(424, 24, 5, NULL, '00:00:53'),
(425, 25, 5, 73, NULL),
(426, 26, 5, 46, NULL),
(427, 27, 5, 55, NULL),
(428, 28, 5, NULL, '00:00:55'),
(429, 29, 5, 90, NULL),
(430, 30, 5, 11, NULL),
(431, 31, 5, 61, NULL),
(432, 32, 5, 22, NULL),
(433, 33, 5, NULL, '00:00:14'),
(434, 34, 5, NULL, '00:00:52'),
(435, 35, 5, 99, NULL),
(436, 36, 5, 62, NULL),
(437, 37, 5, 49, NULL),
(438, 38, 5, NULL, '00:00:51'),
(439, 39, 5, 45, NULL),
(440, 40, 5, 62, NULL),
(441, 41, 5, 12, NULL),
(442, 42, 5, 87, NULL),
(443, 43, 5, NULL, '00:00:19'),
(444, 44, 5, NULL, '00:01:48'),
(445, 45, 5, 10, NULL),
(446, 46, 5, 33, NULL),
(447, 47, 5, 99, NULL),
(448, 48, 5, NULL, '00:00:15'),
(449, 49, 5, 54, NULL),
(450, 50, 5, 49, NULL),
(451, 51, 5, 34, NULL),
(452, 52, 5, 22, NULL),
(453, 53, 5, NULL, '00:01:39'),
(454, 54, 5, NULL, '00:00:37'),
(455, 55, 5, 81, NULL),
(456, 56, 5, 32, NULL),
(457, 57, 5, 13, NULL),
(458, 58, 5, NULL, '00:01:34'),
(459, 59, 5, 29, NULL),
(460, 60, 5, 25, NULL),
(461, 61, 5, 73, NULL),
(462, 62, 5, 13, NULL),
(463, 63, 5, NULL, '00:01:26'),
(464, 64, 5, NULL, '00:02:55'),
(465, 65, 5, 32, NULL),
(466, 66, 5, 98, NULL),
(467, 67, 5, 92, NULL),
(468, 68, 5, NULL, '00:00:55'),
(469, 69, 5, 34, NULL),
(470, 70, 5, 66, NULL),
(471, 71, 5, 84, NULL),
(472, 72, 5, 65, NULL),
(473, 73, 5, NULL, '00:02:48'),
(474, 74, 5, NULL, '00:00:26'),
(475, 75, 5, 92, NULL),
(476, 76, 5, 12, NULL),
(477, 77, 5, 73, NULL),
(478, 78, 5, NULL, '00:00:10'),
(479, 79, 5, 70, NULL),
(480, 80, 5, 79, NULL),
(481, 81, 5, 80, NULL),
(482, 82, 5, 15, NULL),
(483, 83, 5, NULL, '00:02:42'),
(484, 84, 5, NULL, '00:02:15'),
(485, 85, 5, 32, NULL),
(486, 86, 5, 15, NULL),
(487, 87, 5, 57, NULL),
(488, 88, 5, NULL, '00:01:15'),
(489, 89, 5, 78, NULL),
(490, 90, 5, 91, NULL),
(491, 91, 5, 85, NULL),
(492, 92, 5, 76, NULL),
(493, 93, 5, NULL, '00:01:34'),
(494, 94, 5, NULL, '00:01:11'),
(495, 95, 5, 73, NULL),
(496, 96, 5, 82, NULL),
(497, 97, 5, 61, NULL),
(498, 98, 5, NULL, '00:01:45'),
(499, 99, 5, 79, NULL),
(500, 100, 5, 100, NULL),
(501, 1, 6, 96, NULL),
(502, 2, 6, 5, NULL),
(503, 3, 6, NULL, '00:00:33'),
(504, 4, 6, NULL, '00:01:16'),
(505, 5, 6, 75, NULL),
(506, 6, 6, 54, NULL),
(507, 7, 6, 70, NULL),
(508, 8, 6, NULL, '00:01:27'),
(509, 9, 6, 70, NULL),
(510, 10, 6, 92, NULL),
(511, 11, 6, 64, NULL),
(512, 12, 6, 95, NULL),
(513, 13, 6, NULL, '00:00:51'),
(514, 14, 6, NULL, '00:01:12'),
(515, 15, 6, 24, NULL),
(516, 16, 6, 28, NULL),
(517, 17, 6, 48, NULL),
(518, 18, 6, NULL, '00:02:09'),
(519, 19, 6, 17, NULL),
(520, 20, 6, 28, NULL),
(521, 21, 6, 7, NULL),
(522, 22, 6, 82, NULL),
(523, 23, 6, NULL, '00:01:27'),
(524, 24, 6, NULL, '00:02:55'),
(525, 25, 6, 6, NULL),
(526, 26, 6, 58, NULL),
(527, 27, 6, 23, NULL),
(528, 28, 6, NULL, '00:00:21'),
(529, 29, 6, 68, NULL),
(530, 30, 6, 26, NULL),
(531, 31, 6, 95, NULL),
(532, 32, 6, 28, NULL),
(533, 33, 6, NULL, '00:02:24'),
(534, 34, 6, NULL, '00:00:31'),
(535, 35, 6, 16, NULL),
(536, 36, 6, 20, NULL),
(537, 37, 6, 11, NULL),
(538, 38, 6, NULL, '00:02:05'),
(539, 39, 6, 24, NULL),
(540, 40, 6, 87, NULL),
(541, 41, 6, 66, NULL),
(542, 42, 6, 68, NULL),
(543, 43, 6, NULL, '00:00:04'),
(544, 44, 6, NULL, '00:02:15'),
(545, 45, 6, 57, NULL),
(546, 46, 6, 94, NULL),
(547, 47, 6, 27, NULL),
(548, 48, 6, NULL, '00:01:00'),
(549, 49, 6, 24, NULL),
(550, 50, 6, 43, NULL),
(551, 51, 6, 51, NULL),
(552, 52, 6, 17, NULL),
(553, 53, 6, NULL, '00:02:30'),
(554, 54, 6, NULL, '00:01:07'),
(555, 55, 6, 52, NULL),
(556, 56, 6, 9, NULL),
(557, 57, 6, 87, NULL),
(558, 58, 6, NULL, '00:01:49'),
(559, 59, 6, 16, NULL),
(560, 60, 6, 36, NULL),
(561, 61, 6, 58, NULL),
(562, 62, 6, 59, NULL),
(563, 63, 6, NULL, '00:00:54'),
(564, 64, 6, NULL, '00:00:50'),
(565, 65, 6, 46, NULL),
(566, 66, 6, 69, NULL),
(567, 67, 6, 41, NULL),
(568, 68, 6, NULL, '00:00:16'),
(569, 69, 6, 92, NULL),
(570, 70, 6, 86, NULL),
(571, 71, 6, 29, NULL),
(572, 72, 6, 7, NULL),
(573, 73, 6, NULL, '00:02:55'),
(574, 74, 6, NULL, '00:02:17'),
(575, 75, 6, 71, NULL),
(576, 76, 6, 65, NULL),
(577, 77, 6, 40, NULL),
(578, 78, 6, NULL, '00:02:48'),
(579, 79, 6, 4, NULL),
(580, 80, 6, 30, NULL),
(581, 81, 6, 79, NULL),
(582, 82, 6, 83, NULL),
(583, 83, 6, NULL, '00:01:04'),
(584, 84, 6, NULL, '00:02:00'),
(585, 85, 6, 22, NULL),
(586, 86, 6, 70, NULL),
(587, 87, 6, 56, NULL),
(588, 88, 6, NULL, '00:01:01'),
(589, 89, 6, 24, NULL),
(590, 90, 6, 15, NULL),
(591, 91, 6, 40, NULL),
(592, 92, 6, 34, NULL),
(593, 93, 6, NULL, '00:00:46'),
(594, 94, 6, NULL, '00:01:08'),
(595, 95, 6, 34, NULL),
(596, 96, 6, 35, NULL),
(597, 97, 6, 10, NULL),
(598, 98, 6, NULL, '00:01:04'),
(599, 99, 6, 43, NULL),
(600, 100, 6, 87, NULL),
(601, 1, 7, 73, NULL),
(602, 2, 7, 23, NULL),
(603, 3, 7, NULL, '00:01:05'),
(604, 4, 7, NULL, '00:02:11'),
(605, 5, 7, 77, NULL),
(606, 6, 7, 17, NULL),
(607, 7, 7, 92, NULL),
(608, 8, 7, NULL, '00:02:23'),
(609, 9, 7, 92, NULL),
(610, 10, 7, 15, NULL),
(611, 11, 7, 21, NULL),
(612, 12, 7, 73, NULL),
(613, 13, 7, NULL, '00:00:27'),
(614, 14, 7, NULL, '00:00:45'),
(615, 15, 7, 69, NULL),
(616, 16, 7, 68, NULL),
(617, 17, 7, 25, NULL),
(618, 18, 7, NULL, '00:02:41'),
(619, 19, 7, 37, NULL),
(620, 20, 7, 35, NULL),
(621, 21, 7, 89, NULL),
(622, 22, 7, 99, NULL),
(623, 23, 7, NULL, '00:00:18'),
(624, 24, 7, NULL, '00:00:39'),
(625, 25, 7, 91, NULL),
(626, 26, 7, 62, NULL),
(627, 27, 7, 20, NULL),
(628, 28, 7, NULL, '00:02:47'),
(629, 29, 7, 70, NULL),
(630, 30, 7, 77, NULL),
(631, 31, 7, 61, NULL),
(632, 32, 7, 8, NULL),
(633, 33, 7, NULL, '00:01:49'),
(634, 34, 7, NULL, '00:02:37'),
(635, 35, 7, 17, NULL),
(636, 36, 7, 26, NULL),
(637, 37, 7, 22, NULL),
(638, 38, 7, NULL, '00:00:01'),
(639, 39, 7, 75, NULL),
(640, 40, 7, 47, NULL),
(641, 41, 7, 25, NULL),
(642, 42, 7, 72, NULL),
(643, 43, 7, NULL, '00:01:15'),
(644, 44, 7, NULL, '00:00:37'),
(645, 45, 7, 18, NULL),
(646, 46, 7, 13, NULL),
(647, 47, 7, 65, NULL),
(648, 48, 7, NULL, '00:02:13'),
(649, 49, 7, 60, NULL),
(650, 50, 7, 20, NULL),
(651, 51, 7, 43, NULL),
(652, 52, 7, 99, NULL),
(653, 53, 7, NULL, '00:01:22'),
(654, 54, 7, NULL, '00:00:49'),
(655, 55, 7, 10, NULL),
(656, 56, 7, 77, NULL),
(657, 57, 7, 86, NULL),
(658, 58, 7, NULL, '00:00:47'),
(659, 59, 7, 97, NULL),
(660, 60, 7, 68, NULL),
(661, 61, 7, 39, NULL),
(662, 62, 7, 95, NULL),
(663, 63, 7, NULL, '00:02:10'),
(664, 64, 7, NULL, '00:02:32'),
(665, 65, 7, 12, NULL),
(666, 66, 7, 9, NULL),
(667, 67, 7, 76, NULL),
(668, 68, 7, NULL, '00:01:58'),
(669, 69, 7, 42, NULL),
(670, 70, 7, 68, NULL),
(671, 71, 7, 36, NULL),
(672, 72, 7, 93, NULL),
(673, 73, 7, NULL, '00:01:31'),
(674, 74, 7, NULL, '00:00:45'),
(675, 75, 7, 19, NULL),
(676, 76, 7, 96, NULL),
(677, 77, 7, 80, NULL),
(678, 78, 7, NULL, '00:01:17'),
(679, 79, 7, 95, NULL),
(680, 80, 7, 0, NULL),
(681, 81, 7, 23, NULL),
(682, 82, 7, 8, NULL),
(683, 83, 7, NULL, '00:02:26'),
(684, 84, 7, NULL, '00:02:50'),
(685, 85, 7, 77, NULL),
(686, 86, 7, 56, NULL),
(687, 87, 7, 56, NULL),
(688, 88, 7, NULL, '00:01:58'),
(689, 89, 7, 2, NULL),
(690, 90, 7, 98, NULL),
(691, 91, 7, 47, NULL),
(692, 92, 7, 75, NULL),
(693, 93, 7, NULL, '00:01:53'),
(694, 94, 7, NULL, '00:01:04'),
(695, 95, 7, 46, NULL),
(696, 96, 7, 60, NULL),
(697, 97, 7, 18, NULL),
(698, 98, 7, NULL, '00:00:28'),
(699, 99, 7, 68, NULL),
(700, 100, 7, 1, NULL),
(701, 1, 8, 79, NULL),
(702, 2, 8, 37, NULL),
(703, 3, 8, NULL, '00:00:22'),
(704, 4, 8, NULL, '00:02:42'),
(705, 5, 8, 64, NULL),
(706, 6, 8, 36, NULL),
(707, 7, 8, 93, NULL),
(708, 8, 8, NULL, '00:01:42'),
(709, 9, 8, 37, NULL),
(710, 10, 8, 69, NULL),
(711, 11, 8, 92, NULL),
(712, 12, 8, 15, NULL),
(713, 13, 8, NULL, '00:02:56'),
(714, 14, 8, NULL, '00:02:31'),
(715, 15, 8, 26, NULL),
(716, 16, 8, 78, NULL),
(717, 17, 8, 66, NULL),
(718, 18, 8, NULL, '00:01:11'),
(719, 19, 8, 54, NULL),
(720, 20, 8, 63, NULL),
(721, 21, 8, 37, NULL),
(722, 22, 8, 4, NULL),
(723, 23, 8, NULL, '00:02:55'),
(724, 24, 8, NULL, '00:01:33'),
(725, 25, 8, 39, NULL),
(726, 26, 8, 96, NULL),
(727, 27, 8, 65, NULL),
(728, 28, 8, NULL, '00:01:13'),
(729, 29, 8, 92, NULL),
(730, 30, 8, 74, NULL),
(731, 31, 8, 87, NULL),
(732, 32, 8, 4, NULL),
(733, 33, 8, NULL, '00:01:56'),
(734, 34, 8, NULL, '00:02:04'),
(735, 35, 8, 0, NULL),
(736, 36, 8, 85, NULL),
(737, 37, 8, 26, NULL),
(738, 38, 8, NULL, '00:01:21'),
(739, 39, 8, 16, NULL),
(740, 40, 8, 92, NULL),
(741, 41, 8, 72, NULL),
(742, 42, 8, 24, NULL),
(743, 43, 8, NULL, '00:01:44'),
(744, 44, 8, NULL, '00:02:03'),
(745, 45, 8, 91, NULL),
(746, 46, 8, 90, NULL),
(747, 47, 8, 6, NULL),
(748, 48, 8, NULL, '00:00:46'),
(749, 49, 8, 72, NULL),
(750, 50, 8, 14, NULL),
(751, 51, 8, 53, NULL),
(752, 52, 8, 61, NULL),
(753, 53, 8, NULL, '00:01:21'),
(754, 54, 8, NULL, '00:02:50'),
(755, 55, 8, 68, NULL),
(756, 56, 8, 95, NULL),
(757, 57, 8, 2, NULL),
(758, 58, 8, NULL, '00:00:15'),
(759, 59, 8, 73, NULL),
(760, 60, 8, 46, NULL),
(761, 61, 8, 25, NULL),
(762, 62, 8, 15, NULL),
(763, 63, 8, NULL, '00:01:37'),
(764, 64, 8, NULL, '00:00:49'),
(765, 65, 8, 56, NULL),
(766, 66, 8, 7, NULL),
(767, 67, 8, 90, NULL),
(768, 68, 8, NULL, '00:00:39'),
(769, 69, 8, 80, NULL),
(770, 70, 8, 24, NULL),
(771, 71, 8, 22, NULL),
(772, 72, 8, 3, NULL),
(773, 73, 8, NULL, '00:02:07'),
(774, 74, 8, NULL, '00:00:12'),
(775, 75, 8, 62, NULL),
(776, 76, 8, 38, NULL),
(777, 77, 8, 22, NULL),
(778, 78, 8, NULL, '00:01:08'),
(779, 79, 8, 39, NULL),
(780, 80, 8, 0, NULL),
(781, 81, 8, 31, NULL),
(782, 82, 8, 14, NULL),
(783, 83, 8, NULL, '00:02:05'),
(784, 84, 8, NULL, '00:02:49'),
(785, 85, 8, 32, NULL),
(786, 86, 8, 52, NULL),
(787, 87, 8, 36, NULL),
(788, 88, 8, NULL, '00:01:29'),
(789, 89, 8, 21, NULL),
(790, 90, 8, 20, NULL),
(791, 91, 8, 79, NULL),
(792, 92, 8, 40, NULL),
(793, 93, 8, NULL, '00:02:01'),
(794, 94, 8, NULL, '00:01:06'),
(795, 95, 8, 91, NULL),
(796, 96, 8, 43, NULL),
(797, 97, 8, 95, NULL),
(798, 98, 8, NULL, '00:02:21'),
(799, 99, 8, 60, NULL),
(800, 100, 8, 92, NULL),
(801, 1, 9, 77, NULL),
(802, 2, 9, 90, NULL),
(803, 3, 9, NULL, '00:02:37'),
(804, 4, 9, NULL, '00:01:28'),
(805, 5, 9, 16, NULL),
(806, 6, 9, 20, NULL),
(807, 7, 9, 46, NULL),
(808, 8, 9, NULL, '00:00:35'),
(809, 9, 9, 78, NULL),
(810, 10, 9, 29, NULL),
(811, 11, 9, 2, NULL),
(812, 12, 9, 45, NULL),
(813, 13, 9, NULL, '00:01:11'),
(814, 14, 9, NULL, '00:01:28'),
(815, 15, 9, 96, NULL),
(816, 16, 9, 69, NULL),
(817, 17, 9, 20, NULL),
(818, 18, 9, NULL, '00:02:40'),
(819, 19, 9, 0, NULL),
(820, 20, 9, 19, NULL),
(821, 21, 9, 33, NULL),
(822, 22, 9, 69, NULL),
(823, 23, 9, NULL, '00:00:14'),
(824, 24, 9, NULL, '00:01:44'),
(825, 25, 9, 57, NULL),
(826, 26, 9, 76, NULL),
(827, 27, 9, 82, NULL),
(828, 28, 9, NULL, '00:02:27'),
(829, 29, 9, 19, NULL),
(830, 30, 9, 46, NULL),
(831, 31, 9, 3, NULL),
(832, 32, 9, 58, NULL),
(833, 33, 9, NULL, '00:00:19'),
(834, 34, 9, NULL, '00:00:13'),
(835, 35, 9, 32, NULL),
(836, 36, 9, 54, NULL),
(837, 37, 9, 14, NULL),
(838, 38, 9, NULL, '00:00:45'),
(839, 39, 9, 98, NULL),
(840, 40, 9, 4, NULL),
(841, 41, 9, 54, NULL),
(842, 42, 9, 92, NULL),
(843, 43, 9, NULL, '00:02:41'),
(844, 44, 9, NULL, '00:01:54'),
(845, 45, 9, 11, NULL),
(846, 46, 9, 47, NULL),
(847, 47, 9, 22, NULL),
(848, 48, 9, NULL, '00:01:55'),
(849, 49, 9, 0, NULL),
(850, 50, 9, 37, NULL),
(851, 51, 9, 34, NULL),
(852, 52, 9, 35, NULL),
(853, 53, 9, NULL, '00:02:00'),
(854, 54, 9, NULL, '00:00:08'),
(855, 55, 9, 14, NULL),
(856, 56, 9, 34, NULL),
(857, 57, 9, 59, NULL),
(858, 58, 9, NULL, '00:02:33'),
(859, 59, 9, 34, NULL),
(860, 60, 9, 23, NULL),
(861, 61, 9, 75, NULL),
(862, 62, 9, 27, NULL),
(863, 63, 9, NULL, '00:00:23'),
(864, 64, 9, NULL, '00:01:07'),
(865, 65, 9, 43, NULL),
(866, 66, 9, 59, NULL),
(867, 67, 9, 95, NULL),
(868, 68, 9, NULL, '00:02:06'),
(869, 69, 9, 6, NULL),
(870, 70, 9, 31, NULL),
(871, 71, 9, 37, NULL),
(872, 72, 9, 9, NULL),
(873, 73, 9, NULL, '00:01:29'),
(874, 74, 9, NULL, '00:02:24'),
(875, 75, 9, 25, NULL),
(876, 76, 9, 72, NULL),
(877, 77, 9, 85, NULL),
(878, 78, 9, NULL, '00:01:25'),
(879, 79, 9, 95, NULL),
(880, 80, 9, 9, NULL),
(881, 81, 9, 4, NULL),
(882, 82, 9, 66, NULL),
(883, 83, 9, NULL, '00:00:58'),
(884, 84, 9, NULL, '00:01:18'),
(885, 85, 9, 7, NULL),
(886, 86, 9, 35, NULL),
(887, 87, 9, 5, NULL),
(888, 88, 9, NULL, '00:00:54'),
(889, 89, 9, 78, NULL),
(890, 90, 9, 42, NULL),
(891, 91, 9, 20, NULL),
(892, 92, 9, 11, NULL),
(893, 93, 9, NULL, '00:01:03'),
(894, 94, 9, NULL, '00:00:04'),
(895, 95, 9, 37, NULL),
(896, 96, 9, 4, NULL),
(897, 97, 9, 65, NULL),
(898, 98, 9, NULL, '00:00:14'),
(899, 99, 9, 58, NULL),
(900, 100, 9, 18, NULL),
(901, 1, 10, 3, NULL),
(902, 2, 10, 61, NULL),
(903, 3, 10, NULL, '00:02:31'),
(904, 4, 10, NULL, '00:01:25'),
(905, 5, 10, 26, NULL),
(906, 6, 10, 15, NULL),
(907, 7, 10, 78, NULL),
(908, 8, 10, NULL, '00:02:57'),
(909, 9, 10, 95, NULL),
(910, 10, 10, 61, NULL),
(911, 11, 10, 70, NULL),
(912, 12, 10, 26, NULL),
(913, 13, 10, NULL, '00:01:42'),
(914, 14, 10, NULL, '00:00:00'),
(915, 15, 10, 4, NULL),
(916, 16, 10, 24, NULL),
(917, 17, 10, 69, NULL),
(918, 18, 10, NULL, '00:00:10'),
(919, 19, 10, 68, NULL),
(920, 20, 10, 99, NULL),
(921, 21, 10, 86, NULL),
(922, 22, 10, 36, NULL),
(923, 23, 10, NULL, '00:02:14'),
(924, 24, 10, NULL, '00:00:27'),
(925, 25, 10, 59, NULL),
(926, 26, 10, 42, NULL),
(927, 27, 10, 25, NULL),
(928, 28, 10, NULL, '00:02:08'),
(929, 29, 10, 91, NULL),
(930, 30, 10, 30, NULL),
(931, 31, 10, 68, NULL),
(932, 32, 10, 51, NULL),
(933, 33, 10, NULL, '00:01:48'),
(934, 34, 10, NULL, '00:01:12'),
(935, 35, 10, 27, NULL),
(936, 36, 10, 8, NULL),
(937, 37, 10, 14, NULL),
(938, 38, 10, NULL, '00:00:43'),
(939, 39, 10, 94, NULL),
(940, 40, 10, 4, NULL),
(941, 41, 10, 74, NULL),
(942, 42, 10, 5, NULL),
(943, 43, 10, NULL, '00:02:53'),
(944, 44, 10, NULL, '00:00:59'),
(945, 45, 10, 15, NULL),
(946, 46, 10, 36, NULL),
(947, 47, 10, 51, NULL),
(948, 48, 10, NULL, '00:01:32'),
(949, 49, 10, 94, NULL),
(950, 50, 10, 4, NULL),
(951, 51, 10, 27, NULL),
(952, 52, 10, 69, NULL),
(953, 53, 10, NULL, '00:00:31'),
(954, 54, 10, NULL, '00:01:23'),
(955, 55, 10, 34, NULL),
(956, 56, 10, 81, NULL),
(957, 57, 10, 57, NULL),
(958, 58, 10, NULL, '00:01:55'),
(959, 59, 10, 43, NULL),
(960, 60, 10, 69, NULL),
(961, 61, 10, 2, NULL),
(962, 62, 10, 2, NULL),
(963, 63, 10, NULL, '00:00:04'),
(964, 64, 10, NULL, '00:01:29'),
(965, 65, 10, 80, NULL),
(966, 66, 10, 52, NULL),
(967, 67, 10, 47, NULL),
(968, 68, 10, NULL, '00:01:38'),
(969, 69, 10, 91, NULL),
(970, 70, 10, 75, NULL),
(971, 71, 10, 99, NULL),
(972, 72, 10, 53, NULL),
(973, 73, 10, NULL, '00:00:31'),
(974, 74, 10, NULL, '00:01:17'),
(975, 75, 10, 69, NULL),
(976, 76, 10, 33, NULL),
(977, 77, 10, 32, NULL),
(978, 78, 10, NULL, '00:01:18'),
(979, 79, 10, 61, NULL),
(980, 80, 10, 68, NULL),
(981, 81, 10, 60, NULL),
(982, 82, 10, 74, NULL),
(983, 83, 10, NULL, '00:01:32'),
(984, 84, 10, NULL, '00:01:22'),
(985, 85, 10, 95, NULL),
(986, 86, 10, 24, NULL),
(987, 87, 10, 18, NULL),
(988, 88, 10, NULL, '00:00:43'),
(989, 89, 10, 15, NULL),
(990, 90, 10, 58, NULL),
(991, 91, 10, 51, NULL),
(992, 92, 10, 64, NULL),
(993, 93, 10, NULL, '00:01:50'),
(994, 94, 10, NULL, '00:00:20'),
(995, 95, 10, 53, NULL),
(996, 96, 10, 22, NULL),
(997, 97, 10, 71, NULL),
(998, 98, 10, NULL, '00:01:44'),
(999, 99, 10, 73, NULL),
(1000, 100, 10, 39, NULL),
(1001, 1, 11, 52, NULL),
(1002, 2, 11, 45, NULL),
(1003, 3, 11, NULL, '00:00:48'),
(1004, 4, 11, NULL, '00:00:02'),
(1005, 5, 11, 88, NULL),
(1006, 6, 11, 10, NULL),
(1007, 7, 11, 98, NULL),
(1008, 8, 11, NULL, '00:01:10'),
(1009, 9, 11, 28, NULL),
(1010, 10, 11, 61, NULL),
(1011, 11, 11, 34, NULL),
(1012, 12, 11, 21, NULL),
(1013, 13, 11, NULL, '00:00:42'),
(1014, 14, 11, NULL, '00:01:19'),
(1015, 15, 11, 53, NULL),
(1016, 16, 11, 37, NULL),
(1017, 17, 11, 5, NULL),
(1018, 18, 11, NULL, '00:01:13'),
(1019, 19, 11, 34, NULL),
(1020, 20, 11, 92, NULL),
(1021, 21, 11, 87, NULL),
(1022, 22, 11, 47, NULL),
(1023, 23, 11, NULL, '00:02:34'),
(1024, 24, 11, NULL, '00:01:46'),
(1025, 25, 11, 76, NULL),
(1026, 26, 11, 63, NULL),
(1027, 27, 11, 74, NULL),
(1028, 28, 11, NULL, '00:01:37'),
(1029, 29, 11, 63, NULL),
(1030, 30, 11, 17, NULL),
(1031, 31, 11, 46, NULL),
(1032, 32, 11, 33, NULL),
(1033, 33, 11, NULL, '00:00:57'),
(1034, 34, 11, NULL, '00:00:29'),
(1035, 35, 11, 46, NULL),
(1036, 36, 11, 8, NULL),
(1037, 37, 11, 44, NULL),
(1038, 38, 11, NULL, '00:00:59'),
(1039, 39, 11, 56, NULL),
(1040, 40, 11, 27, NULL),
(1041, 41, 11, 61, NULL),
(1042, 42, 11, 19, NULL),
(1043, 43, 11, NULL, '00:01:21'),
(1044, 44, 11, NULL, '00:01:14'),
(1045, 45, 11, 91, NULL),
(1046, 46, 11, 32, NULL),
(1047, 47, 11, 71, NULL),
(1048, 48, 11, NULL, '00:01:33'),
(1049, 49, 11, 45, NULL),
(1050, 50, 11, 29, NULL),
(1051, 51, 11, 10, NULL),
(1052, 52, 11, 38, NULL),
(1053, 53, 11, NULL, '00:01:04'),
(1054, 54, 11, NULL, '00:02:17'),
(1055, 55, 11, 3, NULL),
(1056, 56, 11, 23, NULL),
(1057, 57, 11, 3, NULL),
(1058, 58, 11, NULL, '00:02:29'),
(1059, 59, 11, 33, NULL),
(1060, 60, 11, 31, NULL),
(1061, 61, 11, 71, NULL),
(1062, 62, 11, 17, NULL),
(1063, 63, 11, NULL, '00:00:05'),
(1064, 64, 11, NULL, '00:00:30'),
(1065, 65, 11, 52, NULL),
(1066, 66, 11, 25, NULL),
(1067, 67, 11, 61, NULL),
(1068, 68, 11, NULL, '00:02:23'),
(1069, 69, 11, 30, NULL),
(1070, 70, 11, 96, NULL),
(1071, 71, 11, 72, NULL),
(1072, 72, 11, 83, NULL),
(1073, 73, 11, NULL, '00:00:04'),
(1074, 74, 11, NULL, '00:01:20'),
(1075, 75, 11, 28, NULL),
(1076, 76, 11, 95, NULL),
(1077, 77, 11, 62, NULL),
(1078, 78, 11, NULL, '00:02:42'),
(1079, 79, 11, 43, NULL),
(1080, 80, 11, 38, NULL),
(1081, 81, 11, 72, NULL),
(1082, 82, 11, 69, NULL),
(1083, 83, 11, NULL, '00:02:45'),
(1084, 84, 11, NULL, '00:01:33'),
(1085, 85, 11, 58, NULL),
(1086, 86, 11, 96, NULL),
(1087, 87, 11, 37, NULL),
(1088, 88, 11, NULL, '00:02:00'),
(1089, 89, 11, 79, NULL),
(1090, 90, 11, 99, NULL),
(1091, 91, 11, 62, NULL),
(1092, 92, 11, 94, NULL),
(1093, 93, 11, NULL, '00:01:40'),
(1094, 94, 11, NULL, '00:00:15'),
(1095, 95, 11, 25, NULL),
(1096, 96, 11, 46, NULL),
(1097, 97, 11, 83, NULL),
(1098, 98, 11, NULL, '00:02:21'),
(1099, 99, 11, 27, NULL),
(1100, 100, 11, 79, NULL),
(1101, 1, 12, 57, NULL),
(1102, 2, 12, 70, NULL),
(1103, 3, 12, NULL, '00:02:01'),
(1104, 4, 12, NULL, '00:00:40'),
(1105, 5, 12, 42, NULL),
(1106, 6, 12, 87, NULL),
(1107, 7, 12, 2, NULL),
(1108, 8, 12, NULL, '00:01:41'),
(1109, 9, 12, 55, NULL),
(1110, 10, 12, 61, NULL),
(1111, 11, 12, 94, NULL),
(1112, 12, 12, 68, NULL),
(1113, 13, 12, NULL, '00:00:23'),
(1114, 14, 12, NULL, '00:00:20'),
(1115, 15, 12, 77, NULL),
(1116, 16, 12, 22, NULL),
(1117, 17, 12, 34, NULL),
(1118, 18, 12, NULL, '00:02:44'),
(1119, 19, 12, 98, NULL),
(1120, 20, 12, 54, NULL),
(1121, 21, 12, 38, NULL),
(1122, 22, 12, 95, NULL),
(1123, 23, 12, NULL, '00:02:31'),
(1124, 24, 12, NULL, '00:01:44'),
(1125, 25, 12, 32, NULL),
(1126, 26, 12, 51, NULL),
(1127, 27, 12, 44, NULL),
(1128, 28, 12, NULL, '00:00:12'),
(1129, 29, 12, 25, NULL),
(1130, 30, 12, 12, NULL),
(1131, 31, 12, 32, NULL),
(1132, 32, 12, 66, NULL),
(1133, 33, 12, NULL, '00:00:01'),
(1134, 34, 12, NULL, '00:01:39'),
(1135, 35, 12, 54, NULL),
(1136, 36, 12, 87, NULL),
(1137, 37, 12, 28, NULL),
(1138, 38, 12, NULL, '00:00:49'),
(1139, 39, 12, 55, NULL),
(1140, 40, 12, 28, NULL),
(1141, 41, 12, 47, NULL),
(1142, 42, 12, 45, NULL),
(1143, 43, 12, NULL, '00:02:53'),
(1144, 44, 12, NULL, '00:01:06'),
(1145, 45, 12, 66, NULL),
(1146, 46, 12, 9, NULL),
(1147, 47, 12, 35, NULL),
(1148, 48, 12, NULL, '00:00:36'),
(1149, 49, 12, 9, NULL),
(1150, 50, 12, 36, NULL),
(1151, 51, 12, 33, NULL),
(1152, 52, 12, 21, NULL),
(1153, 53, 12, NULL, '00:02:11'),
(1154, 54, 12, NULL, '00:01:40'),
(1155, 55, 12, 63, NULL),
(1156, 56, 12, 9, NULL),
(1157, 57, 12, 34, NULL),
(1158, 58, 12, NULL, '00:01:32'),
(1159, 59, 12, 83, NULL),
(1160, 60, 12, 56, NULL),
(1161, 61, 12, 68, NULL),
(1162, 62, 12, 83, NULL),
(1163, 63, 12, NULL, '00:01:54'),
(1164, 64, 12, NULL, '00:02:37'),
(1165, 65, 12, 85, NULL),
(1166, 66, 12, 45, NULL),
(1167, 67, 12, 28, NULL),
(1168, 68, 12, NULL, '00:00:39'),
(1169, 69, 12, 22, NULL),
(1170, 70, 12, 63, NULL),
(1171, 71, 12, 62, NULL),
(1172, 72, 12, 56, NULL),
(1173, 73, 12, NULL, '00:01:23'),
(1174, 74, 12, NULL, '00:00:48'),
(1175, 75, 12, 56, NULL),
(1176, 76, 12, 60, NULL),
(1177, 77, 12, 71, NULL),
(1178, 78, 12, NULL, '00:01:57'),
(1179, 79, 12, 25, NULL),
(1180, 80, 12, 81, NULL),
(1181, 81, 12, 68, NULL),
(1182, 82, 12, 8, NULL),
(1183, 83, 12, NULL, '00:01:17'),
(1184, 84, 12, NULL, '00:02:05'),
(1185, 85, 12, 75, NULL),
(1186, 86, 12, 93, NULL),
(1187, 87, 12, 90, NULL),
(1188, 88, 12, NULL, '00:02:57'),
(1189, 89, 12, 2, NULL),
(1190, 90, 12, 87, NULL),
(1191, 91, 12, 96, NULL),
(1192, 92, 12, 52, NULL),
(1193, 93, 12, NULL, '00:02:49'),
(1194, 94, 12, NULL, '00:00:04'),
(1195, 95, 12, 83, NULL),
(1196, 96, 12, 24, NULL),
(1197, 97, 12, 25, NULL),
(1198, 98, 12, NULL, '00:02:47'),
(1199, 99, 12, 65, NULL),
(1200, 100, 12, 6, NULL),
(1201, 1, 13, 53, NULL),
(1202, 2, 13, 86, NULL),
(1203, 3, 13, NULL, '00:00:58'),
(1204, 4, 13, NULL, '00:00:35'),
(1205, 5, 13, 94, NULL),
(1206, 6, 13, 40, NULL),
(1207, 7, 13, 81, NULL),
(1208, 8, 13, NULL, '00:01:19'),
(1209, 9, 13, 38, NULL),
(1210, 10, 13, 53, NULL),
(1211, 11, 13, 64, NULL),
(1212, 12, 13, 83, NULL),
(1213, 13, 13, NULL, '00:02:26'),
(1214, 14, 13, NULL, '00:00:16'),
(1215, 15, 13, 28, NULL),
(1216, 16, 13, 23, NULL),
(1217, 17, 13, 16, NULL),
(1218, 18, 13, NULL, '00:00:01'),
(1219, 19, 13, 9, NULL),
(1220, 20, 13, 42, NULL),
(1221, 21, 13, 93, NULL),
(1222, 22, 13, 40, NULL),
(1223, 23, 13, NULL, '00:02:07'),
(1224, 24, 13, NULL, '00:00:32'),
(1225, 25, 13, 51, NULL),
(1226, 26, 13, 27, NULL),
(1227, 27, 13, 8, NULL),
(1228, 28, 13, NULL, '00:02:44'),
(1229, 29, 13, 41, NULL),
(1230, 30, 13, 17, NULL),
(1231, 31, 13, 96, NULL),
(1232, 32, 13, 16, NULL),
(1233, 33, 13, NULL, '00:01:22'),
(1234, 34, 13, NULL, '00:01:52'),
(1235, 35, 13, 87, NULL),
(1236, 36, 13, 61, NULL),
(1237, 37, 13, 34, NULL),
(1238, 38, 13, NULL, '00:00:53'),
(1239, 39, 13, 49, NULL),
(1240, 40, 13, 61, NULL),
(1241, 41, 13, 3, NULL),
(1242, 42, 13, 71, NULL),
(1243, 43, 13, NULL, '00:00:41'),
(1244, 44, 13, NULL, '00:01:44'),
(1245, 45, 13, 82, NULL),
(1246, 46, 13, 65, NULL),
(1247, 47, 13, 98, NULL),
(1248, 48, 13, NULL, '00:02:15'),
(1249, 49, 13, 17, NULL),
(1250, 50, 13, 62, NULL),
(1251, 51, 13, 93, NULL),
(1252, 52, 13, 71, NULL),
(1253, 53, 13, NULL, '00:01:13'),
(1254, 54, 13, NULL, '00:00:01'),
(1255, 55, 13, 55, NULL),
(1256, 56, 13, 24, NULL),
(1257, 57, 13, 90, NULL),
(1258, 58, 13, NULL, '00:02:41'),
(1259, 59, 13, 75, NULL),
(1260, 60, 13, 54, NULL),
(1261, 61, 13, 65, NULL),
(1262, 62, 13, 8, NULL),
(1263, 63, 13, NULL, '00:01:34'),
(1264, 64, 13, NULL, '00:00:35'),
(1265, 65, 13, 51, NULL),
(1266, 66, 13, 80, NULL),
(1267, 67, 13, 38, NULL),
(1268, 68, 13, NULL, '00:01:04'),
(1269, 69, 13, 94, NULL),
(1270, 70, 13, 33, NULL),
(1271, 71, 13, 67, NULL),
(1272, 72, 13, 69, NULL),
(1273, 73, 13, NULL, '00:02:16'),
(1274, 74, 13, NULL, '00:00:16'),
(1275, 75, 13, 90, NULL),
(1276, 76, 13, 41, NULL),
(1277, 77, 13, 12, NULL),
(1278, 78, 13, NULL, '00:01:34'),
(1279, 79, 13, 74, NULL),
(1280, 80, 13, 85, NULL),
(1281, 81, 13, 4, NULL),
(1282, 82, 13, 35, NULL),
(1283, 83, 13, NULL, '00:00:42'),
(1284, 84, 13, NULL, '00:00:09'),
(1285, 85, 13, 51, NULL),
(1286, 86, 13, 75, NULL),
(1287, 87, 13, 11, NULL),
(1288, 88, 13, NULL, '00:02:05'),
(1289, 89, 13, 17, NULL),
(1290, 90, 13, 54, NULL),
(1291, 91, 13, 29, NULL),
(1292, 92, 13, 15, NULL),
(1293, 93, 13, NULL, '00:01:45'),
(1294, 94, 13, NULL, '00:00:29'),
(1295, 95, 13, 83, NULL),
(1296, 96, 13, 97, NULL),
(1297, 97, 13, 55, NULL),
(1298, 98, 13, NULL, '00:02:02'),
(1299, 99, 13, 80, NULL),
(1300, 100, 13, 57, NULL),
(1301, 1, 14, 9, NULL),
(1302, 2, 14, 72, NULL),
(1303, 3, 14, NULL, '00:01:32'),
(1304, 4, 14, NULL, '00:01:16'),
(1305, 5, 14, 42, NULL),
(1306, 6, 14, 5, NULL),
(1307, 7, 14, 53, NULL),
(1308, 8, 14, NULL, '00:00:44'),
(1309, 9, 14, 20, NULL),
(1310, 10, 14, 90, NULL),
(1311, 11, 14, 68, NULL),
(1312, 12, 14, 52, NULL),
(1313, 13, 14, NULL, '00:01:53'),
(1314, 14, 14, NULL, '00:01:40'),
(1315, 15, 14, 72, NULL),
(1316, 16, 14, 66, NULL),
(1317, 17, 14, 34, NULL),
(1318, 18, 14, NULL, '00:02:45'),
(1319, 19, 14, 65, NULL),
(1320, 20, 14, 44, NULL),
(1321, 21, 14, 75, NULL),
(1322, 22, 14, 97, NULL),
(1323, 23, 14, NULL, '00:00:23'),
(1324, 24, 14, NULL, '00:01:20'),
(1325, 25, 14, 13, NULL),
(1326, 26, 14, 68, NULL),
(1327, 27, 14, 69, NULL),
(1328, 28, 14, NULL, '00:02:06'),
(1329, 29, 14, 83, NULL),
(1330, 30, 14, 32, NULL),
(1331, 31, 14, 79, NULL),
(1332, 32, 14, 21, NULL),
(1333, 33, 14, NULL, '00:02:34'),
(1334, 34, 14, NULL, '00:00:42'),
(1335, 35, 14, 50, NULL),
(1336, 36, 14, 13, NULL),
(1337, 37, 14, 98, NULL),
(1338, 38, 14, NULL, '00:00:38'),
(1339, 39, 14, 38, NULL),
(1340, 40, 14, 24, NULL),
(1341, 41, 14, 23, NULL),
(1342, 42, 14, 89, NULL),
(1343, 43, 14, NULL, '00:02:53'),
(1344, 44, 14, NULL, '00:01:45'),
(1345, 45, 14, 76, NULL),
(1346, 46, 14, 56, NULL),
(1347, 47, 14, 75, NULL),
(1348, 48, 14, NULL, '00:02:24'),
(1349, 49, 14, 67, NULL),
(1350, 50, 14, 18, NULL),
(1351, 51, 14, 99, NULL),
(1352, 52, 14, 87, NULL),
(1353, 53, 14, NULL, '00:02:55'),
(1354, 54, 14, NULL, '00:00:00'),
(1355, 55, 14, 37, NULL),
(1356, 56, 14, 19, NULL),
(1357, 57, 14, 67, NULL),
(1358, 58, 14, NULL, '00:00:33'),
(1359, 59, 14, 44, NULL),
(1360, 60, 14, 63, NULL),
(1361, 61, 14, 44, NULL),
(1362, 62, 14, 48, NULL),
(1363, 63, 14, NULL, '00:01:57'),
(1364, 64, 14, NULL, '00:01:06'),
(1365, 65, 14, 61, NULL),
(1366, 66, 14, 50, NULL),
(1367, 67, 14, 65, NULL),
(1368, 68, 14, NULL, '00:01:21'),
(1369, 69, 14, 95, NULL),
(1370, 70, 14, 38, NULL),
(1371, 71, 14, 54, NULL),
(1372, 72, 14, 13, NULL),
(1373, 73, 14, NULL, '00:01:11'),
(1374, 74, 14, NULL, '00:01:29'),
(1375, 75, 14, 78, NULL),
(1376, 76, 14, 22, NULL),
(1377, 77, 14, 22, NULL),
(1378, 78, 14, NULL, '00:02:19'),
(1379, 79, 14, 56, NULL),
(1380, 80, 14, 23, NULL),
(1381, 81, 14, 25, NULL),
(1382, 82, 14, 68, NULL),
(1383, 83, 14, NULL, '00:00:49'),
(1384, 84, 14, NULL, '00:02:29'),
(1385, 85, 14, 7, NULL),
(1386, 86, 14, 15, NULL),
(1387, 87, 14, 52, NULL),
(1388, 88, 14, NULL, '00:00:10'),
(1389, 89, 14, 16, NULL),
(1390, 90, 14, 51, NULL),
(1391, 91, 14, 91, NULL),
(1392, 92, 14, 29, NULL),
(1393, 93, 14, NULL, '00:01:36'),
(1394, 94, 14, NULL, '00:02:24'),
(1395, 95, 14, 68, NULL),
(1396, 96, 14, 42, NULL),
(1397, 97, 14, 71, NULL),
(1398, 98, 14, NULL, '00:02:17'),
(1399, 99, 14, 53, NULL),
(1400, 100, 14, 81, NULL),
(1401, 1, 15, 61, NULL),
(1402, 2, 15, 85, NULL),
(1403, 3, 15, NULL, '00:00:47'),
(1404, 4, 15, NULL, '00:02:25'),
(1405, 5, 15, 68, NULL),
(1406, 6, 15, 89, NULL),
(1407, 7, 15, 46, NULL),
(1408, 8, 15, NULL, '00:02:15'),
(1409, 9, 15, 99, NULL),
(1410, 10, 15, 95, NULL),
(1411, 11, 15, 19, NULL),
(1412, 12, 15, 9, NULL),
(1413, 13, 15, NULL, '00:02:29'),
(1414, 14, 15, NULL, '00:00:47'),
(1415, 15, 15, 77, NULL),
(1416, 16, 15, 33, NULL),
(1417, 17, 15, 41, NULL),
(1418, 18, 15, NULL, '00:02:15'),
(1419, 19, 15, 69, NULL),
(1420, 20, 15, 1, NULL),
(1421, 21, 15, 63, NULL),
(1422, 22, 15, 94, NULL),
(1423, 23, 15, NULL, '00:02:36'),
(1424, 24, 15, NULL, '00:02:24'),
(1425, 25, 15, 16, NULL),
(1426, 26, 15, 61, NULL),
(1427, 27, 15, 64, NULL),
(1428, 28, 15, NULL, '00:00:34'),
(1429, 29, 15, 57, NULL),
(1430, 30, 15, 73, NULL),
(1431, 31, 15, 78, NULL),
(1432, 32, 15, 62, NULL),
(1433, 33, 15, NULL, '00:00:26'),
(1434, 34, 15, NULL, '00:00:23'),
(1435, 35, 15, 76, NULL),
(1436, 36, 15, 98, NULL),
(1437, 37, 15, 67, NULL),
(1438, 38, 15, NULL, '00:01:46'),
(1439, 39, 15, 42, NULL),
(1440, 40, 15, 66, NULL),
(1441, 41, 15, 8, NULL),
(1442, 42, 15, 51, NULL),
(1443, 43, 15, NULL, '00:00:58'),
(1444, 44, 15, NULL, '00:01:14'),
(1445, 45, 15, 97, NULL),
(1446, 46, 15, 85, NULL),
(1447, 47, 15, 78, NULL),
(1448, 48, 15, NULL, '00:02:19'),
(1449, 49, 15, 85, NULL),
(1450, 50, 15, 70, NULL),
(1451, 51, 15, 52, NULL),
(1452, 52, 15, 72, NULL),
(1453, 53, 15, NULL, '00:01:28'),
(1454, 54, 15, NULL, '00:01:05'),
(1455, 55, 15, 21, NULL),
(1456, 56, 15, 40, NULL),
(1457, 57, 15, 51, NULL),
(1458, 58, 15, NULL, '00:01:06'),
(1459, 59, 15, 92, NULL),
(1460, 60, 15, 48, NULL),
(1461, 61, 15, 73, NULL),
(1462, 62, 15, 44, NULL),
(1463, 63, 15, NULL, '00:00:54'),
(1464, 64, 15, NULL, '00:02:31'),
(1465, 65, 15, 57, NULL),
(1466, 66, 15, 70, NULL),
(1467, 67, 15, 64, NULL),
(1468, 68, 15, NULL, '00:00:53'),
(1469, 69, 15, 54, NULL),
(1470, 70, 15, 64, NULL),
(1471, 71, 15, 68, NULL),
(1472, 72, 15, 25, NULL),
(1473, 73, 15, NULL, '00:02:34'),
(1474, 74, 15, NULL, '00:02:10'),
(1475, 75, 15, 97, NULL),
(1476, 76, 15, 91, NULL),
(1477, 77, 15, 73, NULL),
(1478, 78, 15, NULL, '00:02:20'),
(1479, 79, 15, 70, NULL),
(1480, 80, 15, 28, NULL),
(1481, 81, 15, 94, NULL),
(1482, 82, 15, 18, NULL),
(1483, 83, 15, NULL, '00:01:05'),
(1484, 84, 15, NULL, '00:02:09'),
(1485, 85, 15, 85, NULL),
(1486, 86, 15, 85, NULL),
(1487, 87, 15, 1, NULL),
(1488, 88, 15, NULL, '00:02:35'),
(1489, 89, 15, 51, NULL),
(1490, 90, 15, 16, NULL),
(1491, 91, 15, 10, NULL),
(1492, 92, 15, 40, NULL),
(1493, 93, 15, NULL, '00:01:59'),
(1494, 94, 15, NULL, '00:02:09'),
(1495, 95, 15, 1, NULL),
(1496, 96, 15, 9, NULL),
(1497, 97, 15, 54, NULL),
(1498, 98, 15, NULL, '00:01:49'),
(1499, 99, 15, 39, NULL),
(1500, 100, 15, 43, NULL),
(1501, 1, 16, 41, NULL),
(1502, 2, 16, 53, NULL),
(1503, 3, 16, NULL, '00:02:45'),
(1504, 4, 16, NULL, '00:00:12'),
(1505, 5, 16, 87, NULL),
(1506, 6, 16, 25, NULL),
(1507, 7, 16, 5, NULL),
(1508, 8, 16, NULL, '00:00:36'),
(1509, 9, 16, 43, NULL),
(1510, 10, 16, 77, NULL),
(1511, 11, 16, 48, NULL),
(1512, 12, 16, 46, NULL),
(1513, 13, 16, NULL, '00:02:02'),
(1514, 14, 16, NULL, '00:01:09'),
(1515, 15, 16, 62, NULL),
(1516, 16, 16, 43, NULL),
(1517, 17, 16, 85, NULL),
(1518, 18, 16, NULL, '00:00:04'),
(1519, 19, 16, 60, NULL),
(1520, 20, 16, 67, NULL),
(1521, 21, 16, 75, NULL),
(1522, 22, 16, 95, NULL),
(1523, 23, 16, NULL, '00:02:04'),
(1524, 24, 16, NULL, '00:01:57'),
(1525, 25, 16, 23, NULL),
(1526, 26, 16, 30, NULL),
(1527, 27, 16, 3, NULL),
(1528, 28, 16, NULL, '00:00:22'),
(1529, 29, 16, 76, NULL),
(1530, 30, 16, 52, NULL),
(1531, 31, 16, 12, NULL),
(1532, 32, 16, 84, NULL),
(1533, 33, 16, NULL, '00:00:47'),
(1534, 34, 16, NULL, '00:02:47'),
(1535, 35, 16, 10, NULL),
(1536, 36, 16, 56, NULL),
(1537, 37, 16, 75, NULL),
(1538, 38, 16, NULL, '00:01:03'),
(1539, 39, 16, 40, NULL),
(1540, 40, 16, 70, NULL),
(1541, 41, 16, 2, NULL),
(1542, 42, 16, 14, NULL),
(1543, 43, 16, NULL, '00:02:38'),
(1544, 44, 16, NULL, '00:01:51'),
(1545, 45, 16, 40, NULL),
(1546, 46, 16, 40, NULL),
(1547, 47, 16, 61, NULL),
(1548, 48, 16, NULL, '00:00:15'),
(1549, 49, 16, 96, NULL),
(1550, 50, 16, 95, NULL),
(1551, 51, 16, 66, NULL),
(1552, 52, 16, 21, NULL),
(1553, 53, 16, NULL, '00:02:24'),
(1554, 54, 16, NULL, '00:02:03'),
(1555, 55, 16, 39, NULL),
(1556, 56, 16, 99, NULL),
(1557, 57, 16, 17, NULL),
(1558, 58, 16, NULL, '00:01:00'),
(1559, 59, 16, 75, NULL),
(1560, 60, 16, 69, NULL),
(1561, 61, 16, 64, NULL),
(1562, 62, 16, 22, NULL),
(1563, 63, 16, NULL, '00:01:45'),
(1564, 64, 16, NULL, '00:01:37'),
(1565, 65, 16, 44, NULL),
(1566, 66, 16, 5, NULL),
(1567, 67, 16, 81, NULL),
(1568, 68, 16, NULL, '00:02:58'),
(1569, 69, 16, 3, NULL),
(1570, 70, 16, 63, NULL),
(1571, 71, 16, 61, NULL),
(1572, 72, 16, 96, NULL),
(1573, 73, 16, NULL, '00:02:09'),
(1574, 74, 16, NULL, '00:00:31'),
(1575, 75, 16, 30, NULL),
(1576, 76, 16, 53, NULL),
(1577, 77, 16, 88, NULL),
(1578, 78, 16, NULL, '00:00:46'),
(1579, 79, 16, 16, NULL),
(1580, 80, 16, 34, NULL),
(1581, 81, 16, 77, NULL),
(1582, 82, 16, 65, NULL),
(1583, 83, 16, NULL, '00:01:52'),
(1584, 84, 16, NULL, '00:00:34'),
(1585, 85, 16, 13, NULL),
(1586, 86, 16, 31, NULL),
(1587, 87, 16, 2, NULL),
(1588, 88, 16, NULL, '00:01:27'),
(1589, 89, 16, 40, NULL),
(1590, 90, 16, 5, NULL),
(1591, 91, 16, 94, NULL),
(1592, 92, 16, 41, NULL),
(1593, 93, 16, NULL, '00:01:12'),
(1594, 94, 16, NULL, '00:01:34'),
(1595, 95, 16, 91, NULL),
(1596, 96, 16, 31, NULL),
(1597, 97, 16, 85, NULL),
(1598, 98, 16, NULL, '00:01:34'),
(1599, 99, 16, 95, NULL),
(1600, 100, 16, 24, NULL),
(1601, 1, 17, 69, NULL),
(1602, 2, 17, 36, NULL),
(1603, 3, 17, NULL, '00:02:34'),
(1604, 4, 17, NULL, '00:02:40'),
(1605, 5, 17, 63, NULL),
(1606, 6, 17, 52, NULL),
(1607, 7, 17, 43, NULL),
(1608, 8, 17, NULL, '00:00:41'),
(1609, 9, 17, 77, NULL),
(1610, 10, 17, 30, NULL),
(1611, 11, 17, 47, NULL),
(1612, 12, 17, 89, NULL),
(1613, 13, 17, NULL, '00:01:30'),
(1614, 14, 17, NULL, '00:01:08'),
(1615, 15, 17, 64, NULL),
(1616, 16, 17, 67, NULL),
(1617, 17, 17, 19, NULL),
(1618, 18, 17, NULL, '00:00:58'),
(1619, 19, 17, 69, NULL),
(1620, 20, 17, 19, NULL),
(1621, 21, 17, 88, NULL),
(1622, 22, 17, 41, NULL),
(1623, 23, 17, NULL, '00:02:51'),
(1624, 24, 17, NULL, '00:00:39'),
(1625, 25, 17, 47, NULL),
(1626, 26, 17, 38, NULL),
(1627, 27, 17, 1, NULL),
(1628, 28, 17, NULL, '00:00:07'),
(1629, 29, 17, 87, NULL),
(1630, 30, 17, 16, NULL),
(1631, 31, 17, 23, NULL),
(1632, 32, 17, 23, NULL),
(1633, 33, 17, NULL, '00:02:39'),
(1634, 34, 17, NULL, '00:01:26'),
(1635, 35, 17, 18, NULL),
(1636, 36, 17, 17, NULL),
(1637, 37, 17, 1, NULL),
(1638, 38, 17, NULL, '00:00:34'),
(1639, 39, 17, 38, NULL),
(1640, 40, 17, 42, NULL),
(1641, 41, 17, 52, NULL),
(1642, 42, 17, 30, NULL),
(1643, 43, 17, NULL, '00:02:02'),
(1644, 44, 17, NULL, '00:01:58'),
(1645, 45, 17, 68, NULL),
(1646, 46, 17, 18, NULL),
(1647, 47, 17, 1, NULL),
(1648, 48, 17, NULL, '00:01:46'),
(1649, 49, 17, 61, NULL),
(1650, 50, 17, 81, NULL),
(1651, 51, 17, 11, NULL),
(1652, 52, 17, 56, NULL),
(1653, 53, 17, NULL, '00:00:35'),
(1654, 54, 17, NULL, '00:00:01'),
(1655, 55, 17, 87, NULL),
(1656, 56, 17, 64, NULL),
(1657, 57, 17, 46, NULL),
(1658, 58, 17, NULL, '00:01:56'),
(1659, 59, 17, 21, NULL),
(1660, 60, 17, 48, NULL),
(1661, 61, 17, 84, NULL),
(1662, 62, 17, 84, NULL),
(1663, 63, 17, NULL, '00:01:59'),
(1664, 64, 17, NULL, '00:01:10'),
(1665, 65, 17, 42, NULL),
(1666, 66, 17, 53, NULL),
(1667, 67, 17, 96, NULL),
(1668, 68, 17, NULL, '00:00:28'),
(1669, 69, 17, 45, NULL),
(1670, 70, 17, 19, NULL),
(1671, 71, 17, 23, NULL),
(1672, 72, 17, 38, NULL),
(1673, 73, 17, NULL, '00:02:54'),
(1674, 74, 17, NULL, '00:02:59'),
(1675, 75, 17, 33, NULL),
(1676, 76, 17, 16, NULL),
(1677, 77, 17, 74, NULL),
(1678, 78, 17, NULL, '00:02:20'),
(1679, 79, 17, 49, NULL),
(1680, 80, 17, 84, NULL),
(1681, 81, 17, 26, NULL),
(1682, 82, 17, 86, NULL),
(1683, 83, 17, NULL, '00:02:46'),
(1684, 84, 17, NULL, '00:01:48'),
(1685, 85, 17, 81, NULL),
(1686, 86, 17, 23, NULL),
(1687, 87, 17, 36, NULL),
(1688, 88, 17, NULL, '00:01:57'),
(1689, 89, 17, 35, NULL),
(1690, 90, 17, 72, NULL),
(1691, 91, 17, 86, NULL),
(1692, 92, 17, 83, NULL),
(1693, 93, 17, NULL, '00:01:54'),
(1694, 94, 17, NULL, '00:01:34'),
(1695, 95, 17, 85, NULL),
(1696, 96, 17, 65, NULL),
(1697, 97, 17, 98, NULL),
(1698, 98, 17, NULL, '00:01:42'),
(1699, 99, 17, 44, NULL),
(1700, 100, 17, 0, NULL),
(1701, 1, 18, 30, NULL),
(1702, 2, 18, 54, NULL),
(1703, 3, 18, NULL, '00:02:25'),
(1704, 4, 18, NULL, '00:00:56'),
(1705, 5, 18, 7, NULL),
(1706, 6, 18, 18, NULL),
(1707, 7, 18, 87, NULL),
(1708, 8, 18, NULL, '00:02:33'),
(1709, 9, 18, 55, NULL),
(1710, 10, 18, 89, NULL),
(1711, 11, 18, 85, NULL),
(1712, 12, 18, 20, NULL),
(1713, 13, 18, NULL, '00:00:50'),
(1714, 14, 18, NULL, '00:01:38'),
(1715, 15, 18, 68, NULL),
(1716, 16, 18, 36, NULL),
(1717, 17, 18, 73, NULL),
(1718, 18, 18, NULL, '00:00:42'),
(1719, 19, 18, 12, NULL),
(1720, 20, 18, 17, NULL),
(1721, 21, 18, 40, NULL),
(1722, 22, 18, 97, NULL),
(1723, 23, 18, NULL, '00:02:42'),
(1724, 24, 18, NULL, '00:01:56'),
(1725, 25, 18, 36, NULL),
(1726, 26, 18, 83, NULL),
(1727, 27, 18, 63, NULL),
(1728, 28, 18, NULL, '00:02:37'),
(1729, 29, 18, 56, NULL),
(1730, 30, 18, 11, NULL),
(1731, 31, 18, 3, NULL),
(1732, 32, 18, 0, NULL),
(1733, 33, 18, NULL, '00:02:38'),
(1734, 34, 18, NULL, '00:02:39'),
(1735, 35, 18, 34, NULL),
(1736, 36, 18, 20, NULL),
(1737, 37, 18, 95, NULL),
(1738, 38, 18, NULL, '00:01:48'),
(1739, 39, 18, 43, NULL),
(1740, 40, 18, 80, NULL),
(1741, 41, 18, 43, NULL),
(1742, 42, 18, 58, NULL),
(1743, 43, 18, NULL, '00:02:34'),
(1744, 44, 18, NULL, '00:00:10'),
(1745, 45, 18, 29, NULL),
(1746, 46, 18, 61, NULL),
(1747, 47, 18, 65, NULL),
(1748, 48, 18, NULL, '00:02:08'),
(1749, 49, 18, 47, NULL),
(1750, 50, 18, 0, NULL),
(1751, 51, 18, 44, NULL),
(1752, 52, 18, 63, NULL),
(1753, 53, 18, NULL, '00:00:13'),
(1754, 54, 18, NULL, '00:02:25'),
(1755, 55, 18, 65, NULL),
(1756, 56, 18, 42, NULL),
(1757, 57, 18, 64, NULL),
(1758, 58, 18, NULL, '00:01:10'),
(1759, 59, 18, 32, NULL),
(1760, 60, 18, 42, NULL),
(1761, 61, 18, 60, NULL),
(1762, 62, 18, 75, NULL),
(1763, 63, 18, NULL, '00:02:27'),
(1764, 64, 18, NULL, '00:01:11'),
(1765, 65, 18, 13, NULL),
(1766, 66, 18, 88, NULL),
(1767, 67, 18, 49, NULL),
(1768, 68, 18, NULL, '00:00:07'),
(1769, 69, 18, 82, NULL),
(1770, 70, 18, 13, NULL),
(1771, 71, 18, 62, NULL),
(1772, 72, 18, 75, NULL),
(1773, 73, 18, NULL, '00:02:00'),
(1774, 74, 18, NULL, '00:02:07'),
(1775, 75, 18, 73, NULL),
(1776, 76, 18, 13, NULL),
(1777, 77, 18, 38, NULL),
(1778, 78, 18, NULL, '00:02:14'),
(1779, 79, 18, 95, NULL),
(1780, 80, 18, 54, NULL),
(1781, 81, 18, 56, NULL),
(1782, 82, 18, 55, NULL),
(1783, 83, 18, NULL, '00:00:00'),
(1784, 84, 18, NULL, '00:02:11'),
(1785, 85, 18, 50, NULL),
(1786, 86, 18, 29, NULL),
(1787, 87, 18, 48, NULL),
(1788, 88, 18, NULL, '00:02:10'),
(1789, 89, 18, 87, NULL),
(1790, 90, 18, 91, NULL),
(1791, 91, 18, 73, NULL),
(1792, 92, 18, 53, NULL),
(1793, 93, 18, NULL, '00:01:10'),
(1794, 94, 18, NULL, '00:01:01'),
(1795, 95, 18, 26, NULL),
(1796, 96, 18, 63, NULL),
(1797, 97, 18, 4, NULL),
(1798, 98, 18, NULL, '00:00:51'),
(1799, 99, 18, 57, NULL),
(1800, 100, 18, 49, NULL),
(1801, 1, 19, 88, NULL),
(1802, 2, 19, 78, NULL),
(1803, 3, 19, NULL, '00:00:43'),
(1804, 4, 19, NULL, '00:02:49'),
(1805, 5, 19, 10, NULL),
(1806, 6, 19, 9, NULL),
(1807, 7, 19, 17, NULL),
(1808, 8, 19, NULL, '00:02:01'),
(1809, 9, 19, 20, NULL),
(1810, 10, 19, 37, NULL),
(1811, 11, 19, 32, NULL),
(1812, 12, 19, 38, NULL),
(1813, 13, 19, NULL, '00:00:06'),
(1814, 14, 19, NULL, '00:00:40'),
(1815, 15, 19, 8, NULL),
(1816, 16, 19, 49, NULL),
(1817, 17, 19, 82, NULL),
(1818, 18, 19, NULL, '00:02:35'),
(1819, 19, 19, 98, NULL),
(1820, 20, 19, 0, NULL),
(1821, 21, 19, 26, NULL),
(1822, 22, 19, 33, NULL),
(1823, 23, 19, NULL, '00:02:54'),
(1824, 24, 19, NULL, '00:00:47'),
(1825, 25, 19, 18, NULL),
(1826, 26, 19, 54, NULL),
(1827, 27, 19, 98, NULL),
(1828, 28, 19, NULL, '00:01:09'),
(1829, 29, 19, 92, NULL),
(1830, 30, 19, 98, NULL),
(1831, 31, 19, 92, NULL),
(1832, 32, 19, 49, NULL),
(1833, 33, 19, NULL, '00:00:52'),
(1834, 34, 19, NULL, '00:02:14'),
(1835, 35, 19, 63, NULL),
(1836, 36, 19, 42, NULL),
(1837, 37, 19, 7, NULL),
(1838, 38, 19, NULL, '00:01:39'),
(1839, 39, 19, 71, NULL),
(1840, 40, 19, 97, NULL),
(1841, 41, 19, 34, NULL),
(1842, 42, 19, 87, NULL),
(1843, 43, 19, NULL, '00:01:15'),
(1844, 44, 19, NULL, '00:01:21'),
(1845, 45, 19, 44, NULL),
(1846, 46, 19, 37, NULL),
(1847, 47, 19, 90, NULL),
(1848, 48, 19, NULL, '00:02:46'),
(1849, 49, 19, 39, NULL),
(1850, 50, 19, 20, NULL),
(1851, 51, 19, 80, NULL),
(1852, 52, 19, 42, NULL),
(1853, 53, 19, NULL, '00:00:56'),
(1854, 54, 19, NULL, '00:02:22'),
(1855, 55, 19, 90, NULL),
(1856, 56, 19, 57, NULL),
(1857, 57, 19, 53, NULL),
(1858, 58, 19, NULL, '00:02:55'),
(1859, 59, 19, 41, NULL),
(1860, 60, 19, 33, NULL),
(1861, 61, 19, 21, NULL),
(1862, 62, 19, 73, NULL),
(1863, 63, 19, NULL, '00:00:39'),
(1864, 64, 19, NULL, '00:01:24'),
(1865, 65, 19, 63, NULL),
(1866, 66, 19, 77, NULL),
(1867, 67, 19, 91, NULL),
(1868, 68, 19, NULL, '00:01:21'),
(1869, 69, 19, 64, NULL),
(1870, 70, 19, 17, NULL),
(1871, 71, 19, 41, NULL),
(1872, 72, 19, 93, NULL),
(1873, 73, 19, NULL, '00:02:59'),
(1874, 74, 19, NULL, '00:01:58'),
(1875, 75, 19, 76, NULL),
(1876, 76, 19, 75, NULL),
(1877, 77, 19, 45, NULL),
(1878, 78, 19, NULL, '00:01:20'),
(1879, 79, 19, 30, NULL),
(1880, 80, 19, 0, NULL),
(1881, 81, 19, 3, NULL),
(1882, 82, 19, 74, NULL),
(1883, 83, 19, NULL, '00:00:29'),
(1884, 84, 19, NULL, '00:01:24'),
(1885, 85, 19, 14, NULL),
(1886, 86, 19, 95, NULL),
(1887, 87, 19, 31, NULL),
(1888, 88, 19, NULL, '00:02:56'),
(1889, 89, 19, 39, NULL),
(1890, 90, 19, 55, NULL),
(1891, 91, 19, 44, NULL),
(1892, 92, 19, 20, NULL),
(1893, 93, 19, NULL, '00:01:51'),
(1894, 94, 19, NULL, '00:01:40'),
(1895, 95, 19, 48, NULL),
(1896, 96, 19, 58, NULL),
(1897, 97, 19, 24, NULL),
(1898, 98, 19, NULL, '00:01:16'),
(1899, 99, 19, 73, NULL),
(1900, 100, 19, 49, NULL),
(1901, 1, 20, 50, NULL),
(1902, 2, 20, 42, NULL),
(1903, 3, 20, NULL, '00:02:26'),
(1904, 4, 20, NULL, '00:02:37'),
(1905, 5, 20, 9, NULL),
(1906, 6, 20, 44, NULL),
(1907, 7, 20, 73, NULL),
(1908, 8, 20, NULL, '00:02:14'),
(1909, 9, 20, 52, NULL),
(1910, 10, 20, 57, NULL),
(1911, 11, 20, 2, NULL),
(1912, 12, 20, 69, NULL),
(1913, 13, 20, NULL, '00:00:53'),
(1914, 14, 20, NULL, '00:01:21'),
(1915, 15, 20, 89, NULL),
(1916, 16, 20, 5, NULL),
(1917, 17, 20, 21, NULL),
(1918, 18, 20, NULL, '00:00:24'),
(1919, 19, 20, 43, NULL),
(1920, 20, 20, 69, NULL),
(1921, 21, 20, 76, NULL),
(1922, 22, 20, 55, NULL),
(1923, 23, 20, NULL, '00:00:02'),
(1924, 24, 20, NULL, '00:00:53'),
(1925, 25, 20, 4, NULL),
(1926, 26, 20, 11, NULL),
(1927, 27, 20, 42, NULL),
(1928, 28, 20, NULL, '00:00:05'),
(1929, 29, 20, 44, NULL),
(1930, 30, 20, 32, NULL),
(1931, 31, 20, 35, NULL),
(1932, 32, 20, 11, NULL),
(1933, 33, 20, NULL, '00:02:55'),
(1934, 34, 20, NULL, '00:00:29'),
(1935, 35, 20, 0, NULL),
(1936, 36, 20, 76, NULL),
(1937, 37, 20, 84, NULL),
(1938, 38, 20, NULL, '00:02:09'),
(1939, 39, 20, 66, NULL),
(1940, 40, 20, 97, NULL),
(1941, 41, 20, 85, NULL),
(1942, 42, 20, 91, NULL),
(1943, 43, 20, NULL, '00:01:36'),
(1944, 44, 20, NULL, '00:02:08'),
(1945, 45, 20, 63, NULL),
(1946, 46, 20, 6, NULL),
(1947, 47, 20, 19, NULL),
(1948, 48, 20, NULL, '00:02:33'),
(1949, 49, 20, 44, NULL),
(1950, 50, 20, 70, NULL),
(1951, 51, 20, 15, NULL),
(1952, 52, 20, 35, NULL),
(1953, 53, 20, NULL, '00:02:42'),
(1954, 54, 20, NULL, '00:02:01'),
(1955, 55, 20, 39, NULL),
(1956, 56, 20, 24, NULL),
(1957, 57, 20, 4, NULL),
(1958, 58, 20, NULL, '00:00:46'),
(1959, 59, 20, 14, NULL),
(1960, 60, 20, 73, NULL),
(1961, 61, 20, 31, NULL),
(1962, 62, 20, 20, NULL),
(1963, 63, 20, NULL, '00:01:47'),
(1964, 64, 20, NULL, '00:01:16'),
(1965, 65, 20, 91, NULL),
(1966, 66, 20, 35, NULL),
(1967, 67, 20, 96, NULL),
(1968, 68, 20, NULL, '00:00:23'),
(1969, 69, 20, 67, NULL),
(1970, 70, 20, 96, NULL),
(1971, 71, 20, 72, NULL),
(1972, 72, 20, 27, NULL),
(1973, 73, 20, NULL, '00:02:54'),
(1974, 74, 20, NULL, '00:01:48'),
(1975, 75, 20, 42, NULL),
(1976, 76, 20, 50, NULL),
(1977, 77, 20, 95, NULL),
(1978, 78, 20, NULL, '00:02:02'),
(1979, 79, 20, 93, NULL),
(1980, 80, 20, 55, NULL),
(1981, 81, 20, 55, NULL),
(1982, 82, 20, 74, NULL),
(1983, 83, 20, NULL, '00:00:24'),
(1984, 84, 20, NULL, '00:00:54'),
(1985, 85, 20, 100, NULL),
(1986, 86, 20, 37, NULL),
(1987, 87, 20, 97, NULL),
(1988, 88, 20, NULL, '00:02:38'),
(1989, 89, 20, 17, NULL),
(1990, 90, 20, 71, NULL),
(1991, 91, 20, 84, NULL),
(1992, 92, 20, 99, NULL),
(1993, 93, 20, NULL, '00:02:28'),
(1994, 94, 20, NULL, '00:02:17'),
(1995, 95, 20, 23, NULL),
(1996, 96, 20, 93, NULL),
(1997, 97, 20, 83, NULL),
(1998, 98, 20, NULL, '00:01:05'),
(1999, 99, 20, 14, NULL),
(2000, 100, 20, 80, NULL),
(2001, 1, 21, 20, NULL),
(2002, 2, 21, 63, NULL),
(2003, 3, 21, NULL, '00:01:05'),
(2004, 4, 21, NULL, '00:02:35'),
(2005, 5, 21, 60, NULL),
(2006, 6, 21, 1, NULL),
(2007, 7, 21, 74, NULL),
(2008, 8, 21, NULL, '00:00:00'),
(2009, 9, 21, 76, NULL),
(2010, 10, 21, 71, NULL),
(2011, 11, 21, 57, NULL),
(2012, 12, 21, 9, NULL),
(2013, 13, 21, NULL, '00:02:52'),
(2014, 14, 21, NULL, '00:00:27'),
(2015, 15, 21, 17, NULL),
(2016, 16, 21, 16, NULL),
(2017, 17, 21, 53, NULL),
(2018, 18, 21, NULL, '00:02:15'),
(2019, 19, 21, 12, NULL),
(2020, 20, 21, 15, NULL),
(2021, 21, 21, 3, NULL),
(2022, 22, 21, 0, NULL),
(2023, 23, 21, NULL, '00:01:06'),
(2024, 24, 21, NULL, '00:01:15'),
(2025, 25, 21, 98, NULL),
(2026, 26, 21, 13, NULL),
(2027, 27, 21, 79, NULL),
(2028, 28, 21, NULL, '00:01:41'),
(2029, 29, 21, 54, NULL),
(2030, 30, 21, 24, NULL),
(2031, 31, 21, 23, NULL),
(2032, 32, 21, 75, NULL),
(2033, 33, 21, NULL, '00:02:59'),
(2034, 34, 21, NULL, '00:01:47'),
(2035, 35, 21, 38, NULL),
(2036, 36, 21, 100, NULL),
(2037, 37, 21, 3, NULL),
(2038, 38, 21, NULL, '00:02:14'),
(2039, 39, 21, 47, NULL),
(2040, 40, 21, 26, NULL),
(2041, 41, 21, 68, NULL),
(2042, 42, 21, 45, NULL),
(2043, 43, 21, NULL, '00:01:17'),
(2044, 44, 21, NULL, '00:02:10'),
(2045, 45, 21, 95, NULL),
(2046, 46, 21, 75, NULL),
(2047, 47, 21, 55, NULL),
(2048, 48, 21, NULL, '00:02:14'),
(2049, 49, 21, 88, NULL),
(2050, 50, 21, 26, NULL),
(2051, 51, 21, 41, NULL),
(2052, 52, 21, 81, NULL),
(2053, 53, 21, NULL, '00:01:09'),
(2054, 54, 21, NULL, '00:01:50'),
(2055, 55, 21, 33, NULL),
(2056, 56, 21, 34, NULL),
(2057, 57, 21, 15, NULL),
(2058, 58, 21, NULL, '00:01:40'),
(2059, 59, 21, 56, NULL),
(2060, 60, 21, 74, NULL),
(2061, 61, 21, 3, NULL),
(2062, 62, 21, 87, NULL),
(2063, 63, 21, NULL, '00:01:42'),
(2064, 64, 21, NULL, '00:01:46'),
(2065, 65, 21, 60, NULL),
(2066, 66, 21, 98, NULL),
(2067, 67, 21, 15, NULL),
(2068, 68, 21, NULL, '00:01:45'),
(2069, 69, 21, 54, NULL),
(2070, 70, 21, 85, NULL),
(2071, 71, 21, 60, NULL),
(2072, 72, 21, 76, NULL),
(2073, 73, 21, NULL, '00:00:30'),
(2074, 74, 21, NULL, '00:02:12'),
(2075, 75, 21, 94, NULL),
(2076, 76, 21, 81, NULL),
(2077, 77, 21, 58, NULL),
(2078, 78, 21, NULL, '00:02:07'),
(2079, 79, 21, 8, NULL),
(2080, 80, 21, 76, NULL),
(2081, 81, 21, 92, NULL),
(2082, 82, 21, 83, NULL),
(2083, 83, 21, NULL, '00:00:38'),
(2084, 84, 21, NULL, '00:01:39'),
(2085, 85, 21, 10, NULL),
(2086, 86, 21, 76, NULL),
(2087, 87, 21, 82, NULL),
(2088, 88, 21, NULL, '00:00:19'),
(2089, 89, 21, 69, NULL),
(2090, 90, 21, 68, NULL),
(2091, 91, 21, 88, NULL),
(2092, 92, 21, 96, NULL),
(2093, 93, 21, NULL, '00:02:18'),
(2094, 94, 21, NULL, '00:00:19'),
(2095, 95, 21, 1, NULL),
(2096, 96, 21, 14, NULL),
(2097, 97, 21, 62, NULL),
(2098, 98, 21, NULL, '00:00:39'),
(2099, 99, 21, 65, NULL),
(2100, 100, 21, 34, NULL),
(2101, 1, 22, 65, NULL),
(2102, 2, 22, 46, NULL),
(2103, 3, 22, NULL, '00:02:39'),
(2104, 4, 22, NULL, '00:02:31'),
(2105, 5, 22, 61, NULL),
(2106, 6, 22, 8, NULL),
(2107, 7, 22, 31, NULL),
(2108, 8, 22, NULL, '00:00:04'),
(2109, 9, 22, 65, NULL),
(2110, 10, 22, 89, NULL),
(2111, 11, 22, 92, NULL),
(2112, 12, 22, 39, NULL),
(2113, 13, 22, NULL, '00:00:10'),
(2114, 14, 22, NULL, '00:01:00'),
(2115, 15, 22, 60, NULL),
(2116, 16, 22, 45, NULL),
(2117, 17, 22, 94, NULL),
(2118, 18, 22, NULL, '00:01:06'),
(2119, 19, 22, 2, NULL),
(2120, 20, 22, 60, NULL),
(2121, 21, 22, 12, NULL),
(2122, 22, 22, 99, NULL),
(2123, 23, 22, NULL, '00:01:27'),
(2124, 24, 22, NULL, '00:01:30'),
(2125, 25, 22, 68, NULL),
(2126, 26, 22, 98, NULL),
(2127, 27, 22, 83, NULL),
(2128, 28, 22, NULL, '00:02:15'),
(2129, 29, 22, 59, NULL),
(2130, 30, 22, 87, NULL),
(2131, 31, 22, 0, NULL),
(2132, 32, 22, 75, NULL),
(2133, 33, 22, NULL, '00:02:39'),
(2134, 34, 22, NULL, '00:00:11'),
(2135, 35, 22, 53, NULL),
(2136, 36, 22, 92, NULL),
(2137, 37, 22, 57, NULL),
(2138, 38, 22, NULL, '00:02:06'),
(2139, 39, 22, 36, NULL),
(2140, 40, 22, 76, NULL),
(2141, 41, 22, 71, NULL),
(2142, 42, 22, 16, NULL),
(2143, 43, 22, NULL, '00:02:14'),
(2144, 44, 22, NULL, '00:01:15'),
(2145, 45, 22, 69, NULL),
(2146, 46, 22, 33, NULL),
(2147, 47, 22, 1, NULL),
(2148, 48, 22, NULL, '00:01:32'),
(2149, 49, 22, 88, NULL),
(2150, 50, 22, 12, NULL),
(2151, 51, 22, 39, NULL),
(2152, 52, 22, 19, NULL),
(2153, 53, 22, NULL, '00:01:54'),
(2154, 54, 22, NULL, '00:00:52'),
(2155, 55, 22, 32, NULL),
(2156, 56, 22, 11, NULL),
(2157, 57, 22, 82, NULL),
(2158, 58, 22, NULL, '00:02:26'),
(2159, 59, 22, 99, NULL),
(2160, 60, 22, 43, NULL),
(2161, 61, 22, 50, NULL),
(2162, 62, 22, 41, NULL),
(2163, 63, 22, NULL, '00:01:14'),
(2164, 64, 22, NULL, '00:00:47'),
(2165, 65, 22, 77, NULL),
(2166, 66, 22, 69, NULL),
(2167, 67, 22, 24, NULL),
(2168, 68, 22, NULL, '00:01:26'),
(2169, 69, 22, 11, NULL),
(2170, 70, 22, 67, NULL),
(2171, 71, 22, 96, NULL),
(2172, 72, 22, 29, NULL),
(2173, 73, 22, NULL, '00:01:43'),
(2174, 74, 22, NULL, '00:02:16'),
(2175, 75, 22, 34, NULL),
(2176, 76, 22, 41, NULL),
(2177, 77, 22, 32, NULL),
(2178, 78, 22, NULL, '00:00:35'),
(2179, 79, 22, 52, NULL),
(2180, 80, 22, 21, NULL),
(2181, 81, 22, 30, NULL),
(2182, 82, 22, 43, NULL),
(2183, 83, 22, NULL, '00:01:43'),
(2184, 84, 22, NULL, '00:00:51'),
(2185, 85, 22, 39, NULL),
(2186, 86, 22, 60, NULL),
(2187, 87, 22, 26, NULL),
(2188, 88, 22, NULL, '00:00:41'),
(2189, 89, 22, 0, NULL),
(2190, 90, 22, 90, NULL),
(2191, 91, 22, 4, NULL),
(2192, 92, 22, 41, NULL),
(2193, 93, 22, NULL, '00:01:43'),
(2194, 94, 22, NULL, '00:00:08'),
(2195, 95, 22, 74, NULL),
(2196, 96, 22, 14, NULL),
(2197, 97, 22, 55, NULL),
(2198, 98, 22, NULL, '00:00:51'),
(2199, 99, 22, 22, NULL),
(2200, 100, 22, 54, NULL),
(2201, 1, 23, 42, NULL),
(2202, 2, 23, 90, NULL),
(2203, 3, 23, NULL, '00:02:24'),
(2204, 4, 23, NULL, '00:00:17'),
(2205, 5, 23, 39, NULL),
(2206, 6, 23, 52, NULL),
(2207, 7, 23, 1, NULL),
(2208, 8, 23, NULL, '00:01:16'),
(2209, 9, 23, 0, NULL),
(2210, 10, 23, 90, NULL),
(2211, 11, 23, 55, NULL),
(2212, 12, 23, 59, NULL),
(2213, 13, 23, NULL, '00:02:04'),
(2214, 14, 23, NULL, '00:02:09'),
(2215, 15, 23, 39, NULL),
(2216, 16, 23, 3, NULL),
(2217, 17, 23, 50, NULL),
(2218, 18, 23, NULL, '00:01:42'),
(2219, 19, 23, 17, NULL),
(2220, 20, 23, 47, NULL),
(2221, 21, 23, 43, NULL),
(2222, 22, 23, 34, NULL),
(2223, 23, 23, NULL, '00:00:08'),
(2224, 24, 23, NULL, '00:01:33'),
(2225, 25, 23, 14, NULL),
(2226, 26, 23, 95, NULL),
(2227, 27, 23, 22, NULL),
(2228, 28, 23, NULL, '00:02:04'),
(2229, 29, 23, 68, NULL),
(2230, 30, 23, 75, NULL),
(2231, 31, 23, 60, NULL),
(2232, 32, 23, 56, NULL),
(2233, 33, 23, NULL, '00:00:35'),
(2234, 34, 23, NULL, '00:01:38'),
(2235, 35, 23, 54, NULL),
(2236, 36, 23, 86, NULL),
(2237, 37, 23, 86, NULL),
(2238, 38, 23, NULL, '00:02:42'),
(2239, 39, 23, 26, NULL),
(2240, 40, 23, 8, NULL),
(2241, 41, 23, 15, NULL),
(2242, 42, 23, 64, NULL),
(2243, 43, 23, NULL, '00:02:51'),
(2244, 44, 23, NULL, '00:00:16'),
(2245, 45, 23, 46, NULL),
(2246, 46, 23, 68, NULL),
(2247, 47, 23, 77, NULL),
(2248, 48, 23, NULL, '00:02:14'),
(2249, 49, 23, 92, NULL),
(2250, 50, 23, 84, NULL),
(2251, 51, 23, 90, NULL),
(2252, 52, 23, 41, NULL),
(2253, 53, 23, NULL, '00:00:59'),
(2254, 54, 23, NULL, '00:02:13'),
(2255, 55, 23, 35, NULL),
(2256, 56, 23, 89, NULL),
(2257, 57, 23, 92, NULL),
(2258, 58, 23, NULL, '00:01:31'),
(2259, 59, 23, 37, NULL),
(2260, 60, 23, 80, NULL),
(2261, 61, 23, 86, NULL),
(2262, 62, 23, 26, NULL),
(2263, 63, 23, NULL, '00:01:38'),
(2264, 64, 23, NULL, '00:01:54'),
(2265, 65, 23, 73, NULL),
(2266, 66, 23, 4, NULL),
(2267, 67, 23, 67, NULL),
(2268, 68, 23, NULL, '00:00:02'),
(2269, 69, 23, 70, NULL),
(2270, 70, 23, 10, NULL),
(2271, 71, 23, 96, NULL),
(2272, 72, 23, 28, NULL),
(2273, 73, 23, NULL, '00:02:28'),
(2274, 74, 23, NULL, '00:00:31'),
(2275, 75, 23, 98, NULL),
(2276, 76, 23, 75, NULL),
(2277, 77, 23, 63, NULL),
(2278, 78, 23, NULL, '00:00:44'),
(2279, 79, 23, 84, NULL),
(2280, 80, 23, 78, NULL),
(2281, 81, 23, 32, NULL),
(2282, 82, 23, 0, NULL),
(2283, 83, 23, NULL, '00:01:56'),
(2284, 84, 23, NULL, '00:02:22'),
(2285, 85, 23, 83, NULL),
(2286, 86, 23, 48, NULL),
(2287, 87, 23, 16, NULL),
(2288, 88, 23, NULL, '00:00:05'),
(2289, 89, 23, 54, NULL),
(2290, 90, 23, 66, NULL),
(2291, 91, 23, 27, NULL),
(2292, 92, 23, 39, NULL),
(2293, 93, 23, NULL, '00:01:01'),
(2294, 94, 23, NULL, '00:02:32'),
(2295, 95, 23, 47, NULL),
(2296, 96, 23, 17, NULL),
(2297, 97, 23, 9, NULL),
(2298, 98, 23, NULL, '00:02:22'),
(2299, 99, 23, 56, NULL),
(2300, 100, 23, 98, NULL),
(2301, 1, 24, 78, NULL),
(2302, 2, 24, 76, NULL),
(2303, 3, 24, NULL, '00:02:30'),
(2304, 4, 24, NULL, '00:00:44'),
(2305, 5, 24, 81, NULL),
(2306, 6, 24, 32, NULL),
(2307, 7, 24, 97, NULL),
(2308, 8, 24, NULL, '00:01:32'),
(2309, 9, 24, 76, NULL),
(2310, 10, 24, 7, NULL),
(2311, 11, 24, 49, NULL),
(2312, 12, 24, 19, NULL),
(2313, 13, 24, NULL, '00:00:52'),
(2314, 14, 24, NULL, '00:01:13'),
(2315, 15, 24, 66, NULL),
(2316, 16, 24, 93, NULL),
(2317, 17, 24, 62, NULL),
(2318, 18, 24, NULL, '00:01:30'),
(2319, 19, 24, 59, NULL),
(2320, 20, 24, 23, NULL),
(2321, 21, 24, 43, NULL),
(2322, 22, 24, 63, NULL),
(2323, 23, 24, NULL, '00:01:23'),
(2324, 24, 24, NULL, '00:02:26'),
(2325, 25, 24, 73, NULL),
(2326, 26, 24, 65, NULL),
(2327, 27, 24, 50, NULL),
(2328, 28, 24, NULL, '00:00:43'),
(2329, 29, 24, 97, NULL),
(2330, 30, 24, 77, NULL),
(2331, 31, 24, 90, NULL),
(2332, 32, 24, 76, NULL),
(2333, 33, 24, NULL, '00:02:57'),
(2334, 34, 24, NULL, '00:00:41'),
(2335, 35, 24, 89, NULL),
(2336, 36, 24, 73, NULL),
(2337, 37, 24, 90, NULL),
(2338, 38, 24, NULL, '00:02:41'),
(2339, 39, 24, 24, NULL),
(2340, 40, 24, 57, NULL),
(2341, 41, 24, 33, NULL),
(2342, 42, 24, 47, NULL),
(2343, 43, 24, NULL, '00:00:54'),
(2344, 44, 24, NULL, '00:01:23'),
(2345, 45, 24, 75, NULL),
(2346, 46, 24, 83, NULL),
(2347, 47, 24, 50, NULL),
(2348, 48, 24, NULL, '00:00:59'),
(2349, 49, 24, 53, NULL),
(2350, 50, 24, 75, NULL),
(2351, 51, 24, 30, NULL),
(2352, 52, 24, 55, NULL),
(2353, 53, 24, NULL, '00:02:15'),
(2354, 54, 24, NULL, '00:01:48'),
(2355, 55, 24, 52, NULL),
(2356, 56, 24, 100, NULL),
(2357, 57, 24, 39, NULL),
(2358, 58, 24, NULL, '00:00:30'),
(2359, 59, 24, 96, NULL),
(2360, 60, 24, 81, NULL),
(2361, 61, 24, 46, NULL),
(2362, 62, 24, 70, NULL),
(2363, 63, 24, NULL, '00:00:58'),
(2364, 64, 24, NULL, '00:02:35'),
(2365, 65, 24, 75, NULL),
(2366, 66, 24, 97, NULL),
(2367, 67, 24, 8, NULL),
(2368, 68, 24, NULL, '00:00:02'),
(2369, 69, 24, 81, NULL),
(2370, 70, 24, 62, NULL),
(2371, 71, 24, 57, NULL),
(2372, 72, 24, 80, NULL),
(2373, 73, 24, NULL, '00:00:06'),
(2374, 74, 24, NULL, '00:00:34'),
(2375, 75, 24, 69, NULL),
(2376, 76, 24, 45, NULL),
(2377, 77, 24, 82, NULL),
(2378, 78, 24, NULL, '00:02:19'),
(2379, 79, 24, 56, NULL),
(2380, 80, 24, 60, NULL),
(2381, 81, 24, 68, NULL),
(2382, 82, 24, 48, NULL),
(2383, 83, 24, NULL, '00:00:12'),
(2384, 84, 24, NULL, '00:02:27'),
(2385, 85, 24, 28, NULL),
(2386, 86, 24, 8, NULL),
(2387, 87, 24, 81, NULL),
(2388, 88, 24, NULL, '00:02:46'),
(2389, 89, 24, 85, NULL),
(2390, 90, 24, 50, NULL),
(2391, 91, 24, 39, NULL),
(2392, 92, 24, 92, NULL),
(2393, 93, 24, NULL, '00:00:20'),
(2394, 94, 24, NULL, '00:02:18'),
(2395, 95, 24, 74, NULL),
(2396, 96, 24, 28, NULL),
(2397, 97, 24, 38, NULL),
(2398, 98, 24, NULL, '00:01:22'),
(2399, 99, 24, 55, NULL),
(2400, 100, 24, 39, NULL),
(2401, 1, 25, 23, NULL),
(2402, 2, 25, 58, NULL),
(2403, 3, 25, NULL, '00:01:12'),
(2404, 4, 25, NULL, '00:01:10'),
(2405, 5, 25, 89, NULL),
(2406, 6, 25, 11, NULL),
(2407, 7, 25, 70, NULL),
(2408, 8, 25, NULL, '00:01:15'),
(2409, 9, 25, 16, NULL),
(2410, 10, 25, 69, NULL),
(2411, 11, 25, 25, NULL),
(2412, 12, 25, 21, NULL),
(2413, 13, 25, NULL, '00:00:37'),
(2414, 14, 25, NULL, '00:00:16'),
(2415, 15, 25, 64, NULL),
(2416, 16, 25, 43, NULL),
(2417, 17, 25, 97, NULL),
(2418, 18, 25, NULL, '00:02:04'),
(2419, 19, 25, 55, NULL),
(2420, 20, 25, 61, NULL),
(2421, 21, 25, 84, NULL),
(2422, 22, 25, 81, NULL),
(2423, 23, 25, NULL, '00:01:22'),
(2424, 24, 25, NULL, '00:02:28'),
(2425, 25, 25, 84, NULL),
(2426, 26, 25, 54, NULL),
(2427, 27, 25, 77, NULL),
(2428, 28, 25, NULL, '00:02:12'),
(2429, 29, 25, 32, NULL),
(2430, 30, 25, 91, NULL),
(2431, 31, 25, 67, NULL),
(2432, 32, 25, 94, NULL),
(2433, 33, 25, NULL, '00:01:15'),
(2434, 34, 25, NULL, '00:00:50'),
(2435, 35, 25, 14, NULL),
(2436, 36, 25, 53, NULL),
(2437, 37, 25, 32, NULL),
(2438, 38, 25, NULL, '00:01:15'),
(2439, 39, 25, 71, NULL),
(2440, 40, 25, 54, NULL),
(2441, 41, 25, 65, NULL),
(2442, 42, 25, 12, NULL),
(2443, 43, 25, NULL, '00:01:07'),
(2444, 44, 25, NULL, '00:01:03'),
(2445, 45, 25, 7, NULL),
(2446, 46, 25, 100, NULL),
(2447, 47, 25, 76, NULL),
(2448, 48, 25, NULL, '00:00:29'),
(2449, 49, 25, 42, NULL),
(2450, 50, 25, 40, NULL),
(2451, 51, 25, 48, NULL),
(2452, 52, 25, 54, NULL),
(2453, 53, 25, NULL, '00:02:34'),
(2454, 54, 25, NULL, '00:02:56'),
(2455, 55, 25, 98, NULL),
(2456, 56, 25, 79, NULL),
(2457, 57, 25, 82, NULL),
(2458, 58, 25, NULL, '00:02:52'),
(2459, 59, 25, 46, NULL),
(2460, 60, 25, 8, NULL),
(2461, 61, 25, 66, NULL),
(2462, 62, 25, 14, NULL),
(2463, 63, 25, NULL, '00:00:43'),
(2464, 64, 25, NULL, '00:01:14'),
(2465, 65, 25, 17, NULL),
(2466, 66, 25, 36, NULL),
(2467, 67, 25, 75, NULL),
(2468, 68, 25, NULL, '00:01:11'),
(2469, 69, 25, 32, NULL),
(2470, 70, 25, 40, NULL),
(2471, 71, 25, 12, NULL),
(2472, 72, 25, 22, NULL),
(2473, 73, 25, NULL, '00:02:41'),
(2474, 74, 25, NULL, '00:00:03'),
(2475, 75, 25, 84, NULL),
(2476, 76, 25, 1, NULL),
(2477, 77, 25, 86, NULL),
(2478, 78, 25, NULL, '00:01:57'),
(2479, 79, 25, 93, NULL),
(2480, 80, 25, 63, NULL),
(2481, 81, 25, 97, NULL),
(2482, 82, 25, 14, NULL),
(2483, 83, 25, NULL, '00:00:30'),
(2484, 84, 25, NULL, '00:01:58'),
(2485, 85, 25, 37, NULL),
(2486, 86, 25, 3, NULL),
(2487, 87, 25, 15, NULL),
(2488, 88, 25, NULL, '00:02:07'),
(2489, 89, 25, 20, NULL),
(2490, 90, 25, 25, NULL),
(2491, 91, 25, 2, NULL),
(2492, 92, 25, 41, NULL),
(2493, 93, 25, NULL, '00:00:04'),
(2494, 94, 25, NULL, '00:01:55'),
(2495, 95, 25, 19, NULL),
(2496, 96, 25, 64, NULL),
(2497, 97, 25, 97, NULL),
(2498, 98, 25, NULL, '00:02:17'),
(2499, 99, 25, 70, NULL),
(2500, 100, 25, 68, NULL),
(2501, 1, 26, 18, NULL),
(2502, 2, 26, 4, NULL),
(2503, 3, 26, NULL, '00:00:35'),
(2504, 4, 26, NULL, '00:02:58'),
(2505, 5, 26, 64, NULL),
(2506, 6, 26, 72, NULL),
(2507, 7, 26, 24, NULL),
(2508, 8, 26, NULL, '00:01:12'),
(2509, 9, 26, 63, NULL),
(2510, 10, 26, 58, NULL),
(2511, 11, 26, 85, NULL),
(2512, 12, 26, 98, NULL),
(2513, 13, 26, NULL, '00:02:03'),
(2514, 14, 26, NULL, '00:01:28'),
(2515, 15, 26, 89, NULL),
(2516, 16, 26, 75, NULL),
(2517, 17, 26, 20, NULL),
(2518, 18, 26, NULL, '00:00:33'),
(2519, 19, 26, 67, NULL),
(2520, 20, 26, 73, NULL),
(2521, 21, 26, 72, NULL),
(2522, 22, 26, 90, NULL),
(2523, 23, 26, NULL, '00:02:09'),
(2524, 24, 26, NULL, '00:02:45'),
(2525, 25, 26, 97, NULL),
(2526, 26, 26, 47, NULL),
(2527, 27, 26, 32, NULL),
(2528, 28, 26, NULL, '00:02:06'),
(2529, 29, 26, 34, NULL),
(2530, 30, 26, 8, NULL),
(2531, 31, 26, 57, NULL),
(2532, 32, 26, 63, NULL),
(2533, 33, 26, NULL, '00:02:00'),
(2534, 34, 26, NULL, '00:01:32'),
(2535, 35, 26, 96, NULL),
(2536, 36, 26, 38, NULL),
(2537, 37, 26, 96, NULL),
(2538, 38, 26, NULL, '00:00:56'),
(2539, 39, 26, 2, NULL),
(2540, 40, 26, 32, NULL),
(2541, 41, 26, 76, NULL),
(2542, 42, 26, 75, NULL),
(2543, 43, 26, NULL, '00:02:19'),
(2544, 44, 26, NULL, '00:01:00'),
(2545, 45, 26, 64, NULL),
(2546, 46, 26, 92, NULL),
(2547, 47, 26, 32, NULL),
(2548, 48, 26, NULL, '00:02:11'),
(2549, 49, 26, 88, NULL),
(2550, 50, 26, 63, NULL),
(2551, 51, 26, 25, NULL),
(2552, 52, 26, 23, NULL),
(2553, 53, 26, NULL, '00:01:02'),
(2554, 54, 26, NULL, '00:02:08'),
(2555, 55, 26, 92, NULL),
(2556, 56, 26, 2, NULL),
(2557, 57, 26, 41, NULL),
(2558, 58, 26, NULL, '00:00:54'),
(2559, 59, 26, 45, NULL),
(2560, 60, 26, 33, NULL),
(2561, 61, 26, 25, NULL),
(2562, 62, 26, 41, NULL),
(2563, 63, 26, NULL, '00:02:08'),
(2564, 64, 26, NULL, '00:00:18'),
(2565, 65, 26, 42, NULL),
(2566, 66, 26, 49, NULL),
(2567, 67, 26, 98, NULL),
(2568, 68, 26, NULL, '00:00:30'),
(2569, 69, 26, 78, NULL),
(2570, 70, 26, 13, NULL),
(2571, 71, 26, 77, NULL),
(2572, 72, 26, 33, NULL),
(2573, 73, 26, NULL, '00:01:00'),
(2574, 74, 26, NULL, '00:02:09'),
(2575, 75, 26, 51, NULL),
(2576, 76, 26, 15, NULL),
(2577, 77, 26, 75, NULL),
(2578, 78, 26, NULL, '00:01:45'),
(2579, 79, 26, 87, NULL),
(2580, 80, 26, 91, NULL),
(2581, 81, 26, 57, NULL),
(2582, 82, 26, 28, NULL),
(2583, 83, 26, NULL, '00:01:41'),
(2584, 84, 26, NULL, '00:01:45'),
(2585, 85, 26, 16, NULL),
(2586, 86, 26, 39, NULL),
(2587, 87, 26, 66, NULL),
(2588, 88, 26, NULL, '00:00:48'),
(2589, 89, 26, 6, NULL),
(2590, 90, 26, 87, NULL),
(2591, 91, 26, 88, NULL),
(2592, 92, 26, 34, NULL),
(2593, 93, 26, NULL, '00:00:05'),
(2594, 94, 26, NULL, '00:01:28'),
(2595, 95, 26, 9, NULL),
(2596, 96, 26, 50, NULL),
(2597, 97, 26, 19, NULL),
(2598, 98, 26, NULL, '00:00:43'),
(2599, 99, 26, 71, NULL),
(2600, 100, 26, 21, NULL),
(2601, 1, 27, 63, NULL),
(2602, 2, 27, 13, NULL),
(2603, 3, 27, NULL, '00:01:51'),
(2604, 4, 27, NULL, '00:00:31'),
(2605, 5, 27, 12, NULL),
(2606, 6, 27, 99, NULL),
(2607, 7, 27, 20, NULL),
(2608, 8, 27, NULL, '00:01:25'),
(2609, 9, 27, 65, NULL),
(2610, 10, 27, 20, NULL),
(2611, 11, 27, 60, NULL),
(2612, 12, 27, 56, NULL),
(2613, 13, 27, NULL, '00:01:14'),
(2614, 14, 27, NULL, '00:00:38'),
(2615, 15, 27, 8, NULL),
(2616, 16, 27, 19, NULL),
(2617, 17, 27, 16, NULL),
(2618, 18, 27, NULL, '00:01:34'),
(2619, 19, 27, 35, NULL),
(2620, 20, 27, 99, NULL),
(2621, 21, 27, 66, NULL),
(2622, 22, 27, 75, NULL),
(2623, 23, 27, NULL, '00:01:30'),
(2624, 24, 27, NULL, '00:01:31'),
(2625, 25, 27, 86, NULL),
(2626, 26, 27, 62, NULL),
(2627, 27, 27, 40, NULL),
(2628, 28, 27, NULL, '00:00:15'),
(2629, 29, 27, 22, NULL),
(2630, 30, 27, 51, NULL),
(2631, 31, 27, 59, NULL),
(2632, 32, 27, 4, NULL),
(2633, 33, 27, NULL, '00:01:40'),
(2634, 34, 27, NULL, '00:02:56'),
(2635, 35, 27, 29, NULL),
(2636, 36, 27, 4, NULL),
(2637, 37, 27, 30, NULL),
(2638, 38, 27, NULL, '00:02:47'),
(2639, 39, 27, 17, NULL),
(2640, 40, 27, 97, NULL),
(2641, 41, 27, 72, NULL),
(2642, 42, 27, 57, NULL),
(2643, 43, 27, NULL, '00:02:59'),
(2644, 44, 27, NULL, '00:02:34'),
(2645, 45, 27, 63, NULL),
(2646, 46, 27, 95, NULL),
(2647, 47, 27, 7, NULL),
(2648, 48, 27, NULL, '00:00:46'),
(2649, 49, 27, 51, NULL),
(2650, 50, 27, 59, NULL),
(2651, 51, 27, 45, NULL),
(2652, 52, 27, 42, NULL),
(2653, 53, 27, NULL, '00:01:28'),
(2654, 54, 27, NULL, '00:00:55'),
(2655, 55, 27, 98, NULL),
(2656, 56, 27, 80, NULL),
(2657, 57, 27, 84, NULL),
(2658, 58, 27, NULL, '00:02:04'),
(2659, 59, 27, 91, NULL),
(2660, 60, 27, 32, NULL),
(2661, 61, 27, 52, NULL),
(2662, 62, 27, 17, NULL),
(2663, 63, 27, NULL, '00:02:36'),
(2664, 64, 27, NULL, '00:00:51'),
(2665, 65, 27, 63, NULL),
(2666, 66, 27, 20, NULL),
(2667, 67, 27, 55, NULL),
(2668, 68, 27, NULL, '00:01:27'),
(2669, 69, 27, 67, NULL),
(2670, 70, 27, 97, NULL),
(2671, 71, 27, 35, NULL),
(2672, 72, 27, 2, NULL),
(2673, 73, 27, NULL, '00:00:01'),
(2674, 74, 27, NULL, '00:01:17'),
(2675, 75, 27, 83, NULL),
(2676, 76, 27, 60, NULL),
(2677, 77, 27, 14, NULL),
(2678, 78, 27, NULL, '00:01:19'),
(2679, 79, 27, 11, NULL),
(2680, 80, 27, 62, NULL),
(2681, 81, 27, 2, NULL),
(2682, 82, 27, 82, NULL),
(2683, 83, 27, NULL, '00:01:21'),
(2684, 84, 27, NULL, '00:00:07'),
(2685, 85, 27, 77, NULL),
(2686, 86, 27, 98, NULL),
(2687, 87, 27, 34, NULL),
(2688, 88, 27, NULL, '00:02:37'),
(2689, 89, 27, 26, NULL),
(2690, 90, 27, 100, NULL),
(2691, 91, 27, 89, NULL),
(2692, 92, 27, 7, NULL),
(2693, 93, 27, NULL, '00:01:46'),
(2694, 94, 27, NULL, '00:00:26'),
(2695, 95, 27, 21, NULL),
(2696, 96, 27, 26, NULL),
(2697, 97, 27, 71, NULL),
(2698, 98, 27, NULL, '00:00:54'),
(2699, 99, 27, 85, NULL),
(2700, 100, 27, 82, NULL),
(2701, 1, 28, 99, NULL),
(2702, 2, 28, 20, NULL),
(2703, 3, 28, NULL, '00:00:52'),
(2704, 4, 28, NULL, '00:00:19'),
(2705, 5, 28, 28, NULL),
(2706, 6, 28, 8, NULL),
(2707, 7, 28, 26, NULL),
(2708, 8, 28, NULL, '00:01:02'),
(2709, 9, 28, 52, NULL),
(2710, 10, 28, 67, NULL),
(2711, 11, 28, 66, NULL),
(2712, 12, 28, 14, NULL),
(2713, 13, 28, NULL, '00:00:36'),
(2714, 14, 28, NULL, '00:00:17'),
(2715, 15, 28, 85, NULL),
(2716, 16, 28, 14, NULL),
(2717, 17, 28, 62, NULL),
(2718, 18, 28, NULL, '00:02:30'),
(2719, 19, 28, 84, NULL),
(2720, 20, 28, 52, NULL),
(2721, 21, 28, 62, NULL),
(2722, 22, 28, 57, NULL),
(2723, 23, 28, NULL, '00:00:29'),
(2724, 24, 28, NULL, '00:00:04'),
(2725, 25, 28, 22, NULL),
(2726, 26, 28, 35, NULL),
(2727, 27, 28, 59, NULL),
(2728, 28, 28, NULL, '00:02:35'),
(2729, 29, 28, 4, NULL),
(2730, 30, 28, 41, NULL),
(2731, 31, 28, 82, NULL),
(2732, 32, 28, 56, NULL),
(2733, 33, 28, NULL, '00:01:16'),
(2734, 34, 28, NULL, '00:02:00'),
(2735, 35, 28, 69, NULL),
(2736, 36, 28, 22, NULL),
(2737, 37, 28, 37, NULL),
(2738, 38, 28, NULL, '00:02:03'),
(2739, 39, 28, 73, NULL),
(2740, 40, 28, 15, NULL),
(2741, 41, 28, 93, NULL),
(2742, 42, 28, 65, NULL),
(2743, 43, 28, NULL, '00:01:37'),
(2744, 44, 28, NULL, '00:01:40'),
(2745, 45, 28, 58, NULL),
(2746, 46, 28, 24, NULL),
(2747, 47, 28, 22, NULL),
(2748, 48, 28, NULL, '00:01:37'),
(2749, 49, 28, 88, NULL),
(2750, 50, 28, 64, NULL),
(2751, 51, 28, 10, NULL),
(2752, 52, 28, 80, NULL),
(2753, 53, 28, NULL, '00:02:00'),
(2754, 54, 28, NULL, '00:00:01'),
(2755, 55, 28, 66, NULL),
(2756, 56, 28, 25, NULL),
(2757, 57, 28, 54, NULL),
(2758, 58, 28, NULL, '00:01:22'),
(2759, 59, 28, 84, NULL),
(2760, 60, 28, 34, NULL),
(2761, 61, 28, 6, NULL),
(2762, 62, 28, 52, NULL),
(2763, 63, 28, NULL, '00:02:31'),
(2764, 64, 28, NULL, '00:02:18'),
(2765, 65, 28, 34, NULL),
(2766, 66, 28, 87, NULL),
(2767, 67, 28, 74, NULL),
(2768, 68, 28, NULL, '00:02:14'),
(2769, 69, 28, 73, NULL),
(2770, 70, 28, 87, NULL),
(2771, 71, 28, 40, NULL),
(2772, 72, 28, 91, NULL),
(2773, 73, 28, NULL, '00:02:37'),
(2774, 74, 28, NULL, '00:01:07'),
(2775, 75, 28, 6, NULL),
(2776, 76, 28, 66, NULL),
(2777, 77, 28, 100, NULL),
(2778, 78, 28, NULL, '00:01:20'),
(2779, 79, 28, 82, NULL),
(2780, 80, 28, 26, NULL),
(2781, 81, 28, 35, NULL),
(2782, 82, 28, 66, NULL),
(2783, 83, 28, NULL, '00:02:18'),
(2784, 84, 28, NULL, '00:00:30'),
(2785, 85, 28, 22, NULL),
(2786, 86, 28, 9, NULL),
(2787, 87, 28, 74, NULL),
(2788, 88, 28, NULL, '00:02:57'),
(2789, 89, 28, 13, NULL),
(2790, 90, 28, 91, NULL),
(2791, 91, 28, 42, NULL),
(2792, 92, 28, 6, NULL),
(2793, 93, 28, NULL, '00:01:01'),
(2794, 94, 28, NULL, '00:02:22'),
(2795, 95, 28, 9, NULL),
(2796, 96, 28, 30, NULL),
(2797, 97, 28, 70, NULL),
(2798, 98, 28, NULL, '00:01:04'),
(2799, 99, 28, 14, NULL),
(2800, 100, 28, 19, NULL),
(2801, 1, 29, 94, NULL),
(2802, 2, 29, 52, NULL),
(2803, 3, 29, NULL, '00:01:11'),
(2804, 4, 29, NULL, '00:00:35'),
(2805, 5, 29, 46, NULL),
(2806, 6, 29, 91, NULL),
(2807, 7, 29, 42, NULL),
(2808, 8, 29, NULL, '00:02:27'),
(2809, 9, 29, 72, NULL),
(2810, 10, 29, 75, NULL),
(2811, 11, 29, 65, NULL),
(2812, 12, 29, 27, NULL),
(2813, 13, 29, NULL, '00:02:32'),
(2814, 14, 29, NULL, '00:02:04'),
(2815, 15, 29, 62, NULL),
(2816, 16, 29, 56, NULL),
(2817, 17, 29, 36, NULL),
(2818, 18, 29, NULL, '00:00:22'),
(2819, 19, 29, 11, NULL),
(2820, 20, 29, 88, NULL),
(2821, 21, 29, 15, NULL),
(2822, 22, 29, 14, NULL),
(2823, 23, 29, NULL, '00:02:05'),
(2824, 24, 29, NULL, '00:02:29'),
(2825, 25, 29, 80, NULL),
(2826, 26, 29, 71, NULL),
(2827, 27, 29, 71, NULL),
(2828, 28, 29, NULL, '00:02:53'),
(2829, 29, 29, 38, NULL),
(2830, 30, 29, 17, NULL),
(2831, 31, 29, 41, NULL),
(2832, 32, 29, 88, NULL),
(2833, 33, 29, NULL, '00:01:03'),
(2834, 34, 29, NULL, '00:00:03'),
(2835, 35, 29, 11, NULL),
(2836, 36, 29, 55, NULL),
(2837, 37, 29, 64, NULL),
(2838, 38, 29, NULL, '00:01:01'),
(2839, 39, 29, 18, NULL),
(2840, 40, 29, 51, NULL),
(2841, 41, 29, 89, NULL),
(2842, 42, 29, 52, NULL),
(2843, 43, 29, NULL, '00:01:16'),
(2844, 44, 29, NULL, '00:00:37'),
(2845, 45, 29, 96, NULL),
(2846, 46, 29, 93, NULL),
(2847, 47, 29, 95, NULL),
(2848, 48, 29, NULL, '00:01:20'),
(2849, 49, 29, 9, NULL),
(2850, 50, 29, 14, NULL),
(2851, 51, 29, 21, NULL),
(2852, 52, 29, 19, NULL),
(2853, 53, 29, NULL, '00:00:28'),
(2854, 54, 29, NULL, '00:02:58'),
(2855, 55, 29, 52, NULL),
(2856, 56, 29, 74, NULL),
(2857, 57, 29, 44, NULL),
(2858, 58, 29, NULL, '00:00:35'),
(2859, 59, 29, 85, NULL),
(2860, 60, 29, 96, NULL),
(2861, 61, 29, 4, NULL),
(2862, 62, 29, 13, NULL),
(2863, 63, 29, NULL, '00:01:36'),
(2864, 64, 29, NULL, '00:02:53'),
(2865, 65, 29, 93, NULL),
(2866, 66, 29, 71, NULL),
(2867, 67, 29, 99, NULL),
(2868, 68, 29, NULL, '00:01:38'),
(2869, 69, 29, 94, NULL),
(2870, 70, 29, 75, NULL),
(2871, 71, 29, 11, NULL),
(2872, 72, 29, 7, NULL),
(2873, 73, 29, NULL, '00:00:07'),
(2874, 74, 29, NULL, '00:01:37'),
(2875, 75, 29, 83, NULL),
(2876, 76, 29, 23, NULL),
(2877, 77, 29, 24, NULL),
(2878, 78, 29, NULL, '00:02:07'),
(2879, 79, 29, 16, NULL),
(2880, 80, 29, 91, NULL),
(2881, 81, 29, 91, NULL),
(2882, 82, 29, 69, NULL),
(2883, 83, 29, NULL, '00:01:48'),
(2884, 84, 29, NULL, '00:02:34'),
(2885, 85, 29, 58, NULL),
(2886, 86, 29, 16, NULL),
(2887, 87, 29, 3, NULL),
(2888, 88, 29, NULL, '00:01:29'),
(2889, 89, 29, 82, NULL),
(2890, 90, 29, 1, NULL),
(2891, 91, 29, 45, NULL),
(2892, 92, 29, 99, NULL),
(2893, 93, 29, NULL, '00:00:12'),
(2894, 94, 29, NULL, '00:01:12'),
(2895, 95, 29, 60, NULL),
(2896, 96, 29, 76, NULL),
(2897, 97, 29, 23, NULL),
(2898, 98, 29, NULL, '00:00:49'),
(2899, 99, 29, 3, NULL),
(2900, 100, 29, 63, NULL),
(2901, 1, 30, 20, NULL),
(2902, 2, 30, 93, NULL),
(2903, 3, 30, NULL, '00:00:09'),
(2904, 4, 30, NULL, '00:02:48'),
(2905, 5, 30, 48, NULL),
(2906, 6, 30, 36, NULL),
(2907, 7, 30, 54, NULL),
(2908, 8, 30, NULL, '00:00:23'),
(2909, 9, 30, 76, NULL),
(2910, 10, 30, 65, NULL),
(2911, 11, 30, 39, NULL),
(2912, 12, 30, 8, NULL),
(2913, 13, 30, NULL, '00:02:44'),
(2914, 14, 30, NULL, '00:01:46'),
(2915, 15, 30, 21, NULL),
(2916, 16, 30, 81, NULL),
(2917, 17, 30, 98, NULL),
(2918, 18, 30, NULL, '00:02:46'),
(2919, 19, 30, 77, NULL),
(2920, 20, 30, 13, NULL),
(2921, 21, 30, 19, NULL),
(2922, 22, 30, 96, NULL),
(2923, 23, 30, NULL, '00:02:28'),
(2924, 24, 30, NULL, '00:01:43'),
(2925, 25, 30, 60, NULL),
(2926, 26, 30, 71, NULL),
(2927, 27, 30, 0, NULL),
(2928, 28, 30, NULL, '00:01:12'),
(2929, 29, 30, 64, NULL),
(2930, 30, 30, 68, NULL),
(2931, 31, 30, 46, NULL),
(2932, 32, 30, 47, NULL),
(2933, 33, 30, NULL, '00:00:30'),
(2934, 34, 30, NULL, '00:00:32'),
(2935, 35, 30, 98, NULL),
(2936, 36, 30, 93, NULL),
(2937, 37, 30, 78, NULL),
(2938, 38, 30, NULL, '00:01:35'),
(2939, 39, 30, 54, NULL),
(2940, 40, 30, 95, NULL),
(2941, 41, 30, 16, NULL),
(2942, 42, 30, 98, NULL),
(2943, 43, 30, NULL, '00:00:39'),
(2944, 44, 30, NULL, '00:00:55'),
(2945, 45, 30, 92, NULL),
(2946, 46, 30, 76, NULL),
(2947, 47, 30, 65, NULL),
(2948, 48, 30, NULL, '00:02:44'),
(2949, 49, 30, 88, NULL),
(2950, 50, 30, 79, NULL),
(2951, 51, 30, 97, NULL),
(2952, 52, 30, 15, NULL),
(2953, 53, 30, NULL, '00:02:29'),
(2954, 54, 30, NULL, '00:00:25'),
(2955, 55, 30, 79, NULL),
(2956, 56, 30, 98, NULL),
(2957, 57, 30, 3, NULL),
(2958, 58, 30, NULL, '00:01:05'),
(2959, 59, 30, 18, NULL),
(2960, 60, 30, 93, NULL),
(2961, 61, 30, 77, NULL),
(2962, 62, 30, 88, NULL),
(2963, 63, 30, NULL, '00:02:54'),
(2964, 64, 30, NULL, '00:00:08'),
(2965, 65, 30, 89, NULL),
(2966, 66, 30, 29, NULL),
(2967, 67, 30, 61, NULL),
(2968, 68, 30, NULL, '00:00:01'),
(2969, 69, 30, 15, NULL),
(2970, 70, 30, 70, NULL),
(2971, 71, 30, 17, NULL),
(2972, 72, 30, 80, NULL),
(2973, 73, 30, NULL, '00:02:08'),
(2974, 74, 30, NULL, '00:02:56'),
(2975, 75, 30, 33, NULL),
(2976, 76, 30, 98, NULL),
(2977, 77, 30, 42, NULL),
(2978, 78, 30, NULL, '00:01:53'),
(2979, 79, 30, 60, NULL),
(2980, 80, 30, 28, NULL),
(2981, 81, 30, 18, NULL),
(2982, 82, 30, 83, NULL),
(2983, 83, 30, NULL, '00:02:32'),
(2984, 84, 30, NULL, '00:02:49'),
(2985, 85, 30, 12, NULL),
(2986, 86, 30, 59, NULL),
(2987, 87, 30, 54, NULL),
(2988, 88, 30, NULL, '00:01:53'),
(2989, 89, 30, 35, NULL),
(2990, 90, 30, 74, NULL),
(2991, 91, 30, 94, NULL),
(2992, 92, 30, 56, NULL),
(2993, 93, 30, NULL, '00:02:03'),
(2994, 94, 30, NULL, '00:02:39'),
(2995, 95, 30, 65, NULL),
(2996, 96, 30, 77, NULL),
(2997, 97, 30, 0, NULL),
(2998, 98, 30, NULL, '00:02:10'),
(2999, 99, 30, 19, NULL),
(3000, 100, 30, 99, NULL),
(3001, 1, 31, 100, NULL),
(3002, 2, 31, 30, NULL),
(3003, 3, 31, NULL, '00:00:49'),
(3004, 4, 31, NULL, '00:02:26'),
(3005, 5, 31, 75, NULL),
(3006, 6, 31, 2, NULL),
(3007, 7, 31, 57, NULL),
(3008, 8, 31, NULL, '00:02:25'),
(3009, 9, 31, 23, NULL),
(3010, 10, 31, 90, NULL),
(3011, 11, 31, 60, NULL),
(3012, 12, 31, 97, NULL),
(3013, 13, 31, NULL, '00:01:18'),
(3014, 14, 31, NULL, '00:01:06'),
(3015, 15, 31, 17, NULL),
(3016, 16, 31, 6, NULL),
(3017, 17, 31, 76, NULL),
(3018, 18, 31, NULL, '00:00:24'),
(3019, 19, 31, 76, NULL),
(3020, 20, 31, 49, NULL),
(3021, 21, 31, 81, NULL),
(3022, 22, 31, 98, NULL),
(3023, 23, 31, NULL, '00:00:20'),
(3024, 24, 31, NULL, '00:02:57'),
(3025, 25, 31, 99, NULL),
(3026, 26, 31, 81, NULL),
(3027, 27, 31, 97, NULL),
(3028, 28, 31, NULL, '00:00:57'),
(3029, 29, 31, 16, NULL),
(3030, 30, 31, 99, NULL),
(3031, 31, 31, 19, NULL),
(3032, 32, 31, 77, NULL),
(3033, 33, 31, NULL, '00:02:36'),
(3034, 34, 31, NULL, '00:02:22'),
(3035, 35, 31, 14, NULL),
(3036, 36, 31, 66, NULL),
(3037, 37, 31, 85, NULL),
(3038, 38, 31, NULL, '00:00:23'),
(3039, 39, 31, 26, NULL),
(3040, 40, 31, 61, NULL),
(3041, 41, 31, 6, NULL),
(3042, 42, 31, 10, NULL),
(3043, 43, 31, NULL, '00:00:19'),
(3044, 44, 31, NULL, '00:01:32'),
(3045, 45, 31, 20, NULL),
(3046, 46, 31, 21, NULL),
(3047, 47, 31, 74, NULL),
(3048, 48, 31, NULL, '00:01:49'),
(3049, 49, 31, 68, NULL),
(3050, 50, 31, 22, NULL),
(3051, 51, 31, 16, NULL),
(3052, 52, 31, 16, NULL),
(3053, 53, 31, NULL, '00:00:12'),
(3054, 54, 31, NULL, '00:00:03'),
(3055, 55, 31, 42, NULL),
(3056, 56, 31, 49, NULL),
(3057, 57, 31, 36, NULL),
(3058, 58, 31, NULL, '00:00:54'),
(3059, 59, 31, 84, NULL),
(3060, 60, 31, 8, NULL),
(3061, 61, 31, 35, NULL),
(3062, 62, 31, 41, NULL),
(3063, 63, 31, NULL, '00:02:36'),
(3064, 64, 31, NULL, '00:02:58'),
(3065, 65, 31, 7, NULL),
(3066, 66, 31, 80, NULL),
(3067, 67, 31, 32, NULL),
(3068, 68, 31, NULL, '00:01:15'),
(3069, 69, 31, 39, NULL),
(3070, 70, 31, 50, NULL),
(3071, 71, 31, 71, NULL),
(3072, 72, 31, 33, NULL),
(3073, 73, 31, NULL, '00:02:40'),
(3074, 74, 31, NULL, '00:00:39'),
(3075, 75, 31, 77, NULL),
(3076, 76, 31, 13, NULL),
(3077, 77, 31, 32, NULL),
(3078, 78, 31, NULL, '00:00:04'),
(3079, 79, 31, 51, NULL),
(3080, 80, 31, 96, NULL),
(3081, 81, 31, 16, NULL),
(3082, 82, 31, 91, NULL),
(3083, 83, 31, NULL, '00:02:16'),
(3084, 84, 31, NULL, '00:01:53'),
(3085, 85, 31, 32, NULL),
(3086, 86, 31, 3, NULL),
(3087, 87, 31, 53, NULL),
(3088, 88, 31, NULL, '00:00:11'),
(3089, 89, 31, 98, NULL),
(3090, 90, 31, 92, NULL),
(3091, 91, 31, 87, NULL),
(3092, 92, 31, 9, NULL),
(3093, 93, 31, NULL, '00:01:48'),
(3094, 94, 31, NULL, '00:01:53'),
(3095, 95, 31, 64, NULL),
(3096, 96, 31, 53, NULL),
(3097, 97, 31, 62, NULL),
(3098, 98, 31, NULL, '00:01:25'),
(3099, 99, 31, 23, NULL),
(3100, 100, 31, 35, NULL),
(3101, 1, 32, 27, NULL),
(3102, 2, 32, 4, NULL),
(3103, 3, 32, NULL, '00:00:08'),
(3104, 4, 32, NULL, '00:02:27'),
(3105, 5, 32, 16, NULL),
(3106, 6, 32, 19, NULL),
(3107, 7, 32, 73, NULL),
(3108, 8, 32, NULL, '00:01:37'),
(3109, 9, 32, 68, NULL),
(3110, 10, 32, 71, NULL),
(3111, 11, 32, 31, NULL),
(3112, 12, 32, 67, NULL),
(3113, 13, 32, NULL, '00:02:01'),
(3114, 14, 32, NULL, '00:00:35'),
(3115, 15, 32, 74, NULL),
(3116, 16, 32, 7, NULL),
(3117, 17, 32, 51, NULL),
(3118, 18, 32, NULL, '00:02:04'),
(3119, 19, 32, 8, NULL),
(3120, 20, 32, 43, NULL),
(3121, 21, 32, 46, NULL),
(3122, 22, 32, 41, NULL),
(3123, 23, 32, NULL, '00:02:55'),
(3124, 24, 32, NULL, '00:00:47'),
(3125, 25, 32, 71, NULL),
(3126, 26, 32, 99, NULL),
(3127, 27, 32, 89, NULL),
(3128, 28, 32, NULL, '00:00:14'),
(3129, 29, 32, 40, NULL),
(3130, 30, 32, 61, NULL),
(3131, 31, 32, 34, NULL),
(3132, 32, 32, 60, NULL),
(3133, 33, 32, NULL, '00:01:01'),
(3134, 34, 32, NULL, '00:02:31'),
(3135, 35, 32, 89, NULL),
(3136, 36, 32, 7, NULL),
(3137, 37, 32, 76, NULL),
(3138, 38, 32, NULL, '00:02:58'),
(3139, 39, 32, 49, NULL),
(3140, 40, 32, 18, NULL),
(3141, 41, 32, 91, NULL),
(3142, 42, 32, 41, NULL),
(3143, 43, 32, NULL, '00:00:59'),
(3144, 44, 32, NULL, '00:02:11'),
(3145, 45, 32, 96, NULL),
(3146, 46, 32, 70, NULL),
(3147, 47, 32, 89, NULL),
(3148, 48, 32, NULL, '00:00:14'),
(3149, 49, 32, 68, NULL),
(3150, 50, 32, 4, NULL),
(3151, 51, 32, 81, NULL),
(3152, 52, 32, 12, NULL),
(3153, 53, 32, NULL, '00:02:24'),
(3154, 54, 32, NULL, '00:00:17'),
(3155, 55, 32, 53, NULL),
(3156, 56, 32, 19, NULL),
(3157, 57, 32, 86, NULL),
(3158, 58, 32, NULL, '00:01:04'),
(3159, 59, 32, 98, NULL),
(3160, 60, 32, 95, NULL),
(3161, 61, 32, 4, NULL),
(3162, 62, 32, 76, NULL),
(3163, 63, 32, NULL, '00:00:52'),
(3164, 64, 32, NULL, '00:01:23'),
(3165, 65, 32, 23, NULL),
(3166, 66, 32, 60, NULL),
(3167, 67, 32, 39, NULL),
(3168, 68, 32, NULL, '00:02:05'),
(3169, 69, 32, 88, NULL),
(3170, 70, 32, 61, NULL),
(3171, 71, 32, 70, NULL),
(3172, 72, 32, 33, NULL),
(3173, 73, 32, NULL, '00:02:40'),
(3174, 74, 32, NULL, '00:01:13'),
(3175, 75, 32, 68, NULL),
(3176, 76, 32, 46, NULL),
(3177, 77, 32, 31, NULL),
(3178, 78, 32, NULL, '00:02:38'),
(3179, 79, 32, 24, NULL),
(3180, 80, 32, 80, NULL),
(3181, 81, 32, 79, NULL),
(3182, 82, 32, 10, NULL),
(3183, 83, 32, NULL, '00:00:46'),
(3184, 84, 32, NULL, '00:00:36'),
(3185, 85, 32, 19, NULL),
(3186, 86, 32, 85, NULL),
(3187, 87, 32, 36, NULL),
(3188, 88, 32, NULL, '00:02:07'),
(3189, 89, 32, 2, NULL),
(3190, 90, 32, 50, NULL),
(3191, 91, 32, 72, NULL),
(3192, 92, 32, 93, NULL),
(3193, 93, 32, NULL, '00:02:10'),
(3194, 94, 32, NULL, '00:00:55'),
(3195, 95, 32, 81, NULL),
(3196, 96, 32, 43, NULL),
(3197, 97, 32, 34, NULL),
(3198, 98, 32, NULL, '00:01:44'),
(3199, 99, 32, 72, NULL),
(3200, 100, 32, 2, NULL),
(3201, 1, 33, 37, NULL),
(3202, 2, 33, 29, NULL),
(3203, 3, 33, NULL, '00:02:30'),
(3204, 4, 33, NULL, '00:02:15'),
(3205, 5, 33, 28, NULL),
(3206, 6, 33, 27, NULL),
(3207, 7, 33, 22, NULL),
(3208, 8, 33, NULL, '00:02:47'),
(3209, 9, 33, 30, NULL),
(3210, 10, 33, 33, NULL),
(3211, 11, 33, 28, NULL),
(3212, 12, 33, 76, NULL),
(3213, 13, 33, NULL, '00:02:26'),
(3214, 14, 33, NULL, '00:01:05'),
(3215, 15, 33, 88, NULL),
(3216, 16, 33, 45, NULL),
(3217, 17, 33, 30, NULL),
(3218, 18, 33, NULL, '00:02:53'),
(3219, 19, 33, 65, NULL),
(3220, 20, 33, 61, NULL),
(3221, 21, 33, 68, NULL),
(3222, 22, 33, 68, NULL),
(3223, 23, 33, NULL, '00:00:40'),
(3224, 24, 33, NULL, '00:00:48'),
(3225, 25, 33, 5, NULL),
(3226, 26, 33, 97, NULL),
(3227, 27, 33, 34, NULL),
(3228, 28, 33, NULL, '00:02:29'),
(3229, 29, 33, 6, NULL),
(3230, 30, 33, 56, NULL),
(3231, 31, 33, 85, NULL),
(3232, 32, 33, 9, NULL),
(3233, 33, 33, NULL, '00:02:26'),
(3234, 34, 33, NULL, '00:02:57'),
(3235, 35, 33, 57, NULL),
(3236, 36, 33, 81, NULL),
(3237, 37, 33, 54, NULL),
(3238, 38, 33, NULL, '00:00:54'),
(3239, 39, 33, 57, NULL),
(3240, 40, 33, 41, NULL),
(3241, 41, 33, 92, NULL),
(3242, 42, 33, 49, NULL),
(3243, 43, 33, NULL, '00:00:40'),
(3244, 44, 33, NULL, '00:02:22'),
(3245, 45, 33, 50, NULL),
(3246, 46, 33, 71, NULL),
(3247, 47, 33, 36, NULL),
(3248, 48, 33, NULL, '00:02:17'),
(3249, 49, 33, 52, NULL),
(3250, 50, 33, 93, NULL),
(3251, 51, 33, 14, NULL),
(3252, 52, 33, 18, NULL),
(3253, 53, 33, NULL, '00:02:53'),
(3254, 54, 33, NULL, '00:02:30'),
(3255, 55, 33, 43, NULL),
(3256, 56, 33, 45, NULL),
(3257, 57, 33, 11, NULL),
(3258, 58, 33, NULL, '00:00:38'),
(3259, 59, 33, 12, NULL),
(3260, 60, 33, 39, NULL),
(3261, 61, 33, 42, NULL),
(3262, 62, 33, 92, NULL),
(3263, 63, 33, NULL, '00:02:46'),
(3264, 64, 33, NULL, '00:00:11'),
(3265, 65, 33, 40, NULL),
(3266, 66, 33, 20, NULL),
(3267, 67, 33, 82, NULL),
(3268, 68, 33, NULL, '00:01:18'),
(3269, 69, 33, 46, NULL),
(3270, 70, 33, 19, NULL),
(3271, 71, 33, 16, NULL),
(3272, 72, 33, 62, NULL),
(3273, 73, 33, NULL, '00:02:36'),
(3274, 74, 33, NULL, '00:00:39'),
(3275, 75, 33, 89, NULL),
(3276, 76, 33, 28, NULL),
(3277, 77, 33, 91, NULL),
(3278, 78, 33, NULL, '00:01:10'),
(3279, 79, 33, 50, NULL),
(3280, 80, 33, 13, NULL),
(3281, 81, 33, 56, NULL),
(3282, 82, 33, 84, NULL),
(3283, 83, 33, NULL, '00:01:33'),
(3284, 84, 33, NULL, '00:00:03'),
(3285, 85, 33, 61, NULL),
(3286, 86, 33, 52, NULL),
(3287, 87, 33, 17, NULL),
(3288, 88, 33, NULL, '00:00:17'),
(3289, 89, 33, 69, NULL),
(3290, 90, 33, 9, NULL),
(3291, 91, 33, 65, NULL),
(3292, 92, 33, 75, NULL),
(3293, 93, 33, NULL, '00:02:51'),
(3294, 94, 33, NULL, '00:01:26'),
(3295, 95, 33, 71, NULL),
(3296, 96, 33, 76, NULL),
(3297, 97, 33, 39, NULL),
(3298, 98, 33, NULL, '00:00:25'),
(3299, 99, 33, 93, NULL),
(3300, 100, 33, 15, NULL),
(3301, 1, 34, 93, NULL),
(3302, 2, 34, 60, NULL),
(3303, 3, 34, NULL, '00:02:04'),
(3304, 4, 34, NULL, '00:01:12'),
(3305, 5, 34, 100, NULL),
(3306, 6, 34, 63, NULL),
(3307, 7, 34, 74, NULL),
(3308, 8, 34, NULL, '00:02:45'),
(3309, 9, 34, 19, NULL),
(3310, 10, 34, 77, NULL),
(3311, 11, 34, 25, NULL),
(3312, 12, 34, 91, NULL),
(3313, 13, 34, NULL, '00:01:07'),
(3314, 14, 34, NULL, '00:02:40'),
(3315, 15, 34, 81, NULL),
(3316, 16, 34, 0, NULL),
(3317, 17, 34, 17, NULL),
(3318, 18, 34, NULL, '00:01:42'),
(3319, 19, 34, 35, NULL),
(3320, 20, 34, 61, NULL),
(3321, 21, 34, 7, NULL),
(3322, 22, 34, 13, NULL),
(3323, 23, 34, NULL, '00:00:29'),
(3324, 24, 34, NULL, '00:01:02'),
(3325, 25, 34, 56, NULL),
(3326, 26, 34, 42, NULL),
(3327, 27, 34, 64, NULL),
(3328, 28, 34, NULL, '00:00:12'),
(3329, 29, 34, 76, NULL),
(3330, 30, 34, 4, NULL),
(3331, 31, 34, 64, NULL),
(3332, 32, 34, 91, NULL),
(3333, 33, 34, NULL, '00:01:42'),
(3334, 34, 34, NULL, '00:00:40'),
(3335, 35, 34, 46, NULL),
(3336, 36, 34, 31, NULL),
(3337, 37, 34, 98, NULL),
(3338, 38, 34, NULL, '00:02:41'),
(3339, 39, 34, 98, NULL),
(3340, 40, 34, 5, NULL),
(3341, 41, 34, 90, NULL),
(3342, 42, 34, 20, NULL),
(3343, 43, 34, NULL, '00:01:40'),
(3344, 44, 34, NULL, '00:02:56'),
(3345, 45, 34, 92, NULL),
(3346, 46, 34, 97, NULL),
(3347, 47, 34, 17, NULL),
(3348, 48, 34, NULL, '00:01:01'),
(3349, 49, 34, 99, NULL),
(3350, 50, 34, 71, NULL),
(3351, 51, 34, 57, NULL),
(3352, 52, 34, 41, NULL),
(3353, 53, 34, NULL, '00:02:13'),
(3354, 54, 34, NULL, '00:00:15'),
(3355, 55, 34, 57, NULL),
(3356, 56, 34, 82, NULL),
(3357, 57, 34, 32, NULL),
(3358, 58, 34, NULL, '00:00:23'),
(3359, 59, 34, 51, NULL),
(3360, 60, 34, 38, NULL),
(3361, 61, 34, 69, NULL),
(3362, 62, 34, 56, NULL),
(3363, 63, 34, NULL, '00:00:32'),
(3364, 64, 34, NULL, '00:01:18'),
(3365, 65, 34, 16, NULL),
(3366, 66, 34, 26, NULL),
(3367, 67, 34, 5, NULL),
(3368, 68, 34, NULL, '00:00:33'),
(3369, 69, 34, 65, NULL),
(3370, 70, 34, 38, NULL),
(3371, 71, 34, 78, NULL),
(3372, 72, 34, 96, NULL),
(3373, 73, 34, NULL, '00:00:47'),
(3374, 74, 34, NULL, '00:00:21'),
(3375, 75, 34, 3, NULL),
(3376, 76, 34, 2, NULL),
(3377, 77, 34, 3, NULL),
(3378, 78, 34, NULL, '00:00:29'),
(3379, 79, 34, 38, NULL),
(3380, 80, 34, 18, NULL),
(3381, 81, 34, 23, NULL),
(3382, 82, 34, 49, NULL),
(3383, 83, 34, NULL, '00:01:22'),
(3384, 84, 34, NULL, '00:01:48'),
(3385, 85, 34, 85, NULL),
(3386, 86, 34, 96, NULL),
(3387, 87, 34, 61, NULL),
(3388, 88, 34, NULL, '00:02:42'),
(3389, 89, 34, 90, NULL),
(3390, 90, 34, 34, NULL),
(3391, 91, 34, 40, NULL),
(3392, 92, 34, 23, NULL),
(3393, 93, 34, NULL, '00:02:16'),
(3394, 94, 34, NULL, '00:02:40'),
(3395, 95, 34, 21, NULL),
(3396, 96, 34, 76, NULL),
(3397, 97, 34, 72, NULL),
(3398, 98, 34, NULL, '00:02:10'),
(3399, 99, 34, 70, NULL),
(3400, 100, 34, 71, NULL),
(3401, 1, 35, 19, NULL),
(3402, 2, 35, 57, NULL),
(3403, 3, 35, NULL, '00:01:31'),
(3404, 4, 35, NULL, '00:02:27'),
(3405, 5, 35, 70, NULL),
(3406, 6, 35, 64, NULL),
(3407, 7, 35, 42, NULL),
(3408, 8, 35, NULL, '00:00:50'),
(3409, 9, 35, 57, NULL),
(3410, 10, 35, 41, NULL),
(3411, 11, 35, 84, NULL),
(3412, 12, 35, 70, NULL),
(3413, 13, 35, NULL, '00:02:14'),
(3414, 14, 35, NULL, '00:01:19'),
(3415, 15, 35, 54, NULL),
(3416, 16, 35, 71, NULL),
(3417, 17, 35, 2, NULL),
(3418, 18, 35, NULL, '00:02:34'),
(3419, 19, 35, 86, NULL),
(3420, 20, 35, 84, NULL),
(3421, 21, 35, 80, NULL),
(3422, 22, 35, 51, NULL),
(3423, 23, 35, NULL, '00:02:57'),
(3424, 24, 35, NULL, '00:00:48'),
(3425, 25, 35, 15, NULL),
(3426, 26, 35, 3, NULL),
(3427, 27, 35, 82, NULL),
(3428, 28, 35, NULL, '00:01:33'),
(3429, 29, 35, 38, NULL),
(3430, 30, 35, 92, NULL),
(3431, 31, 35, 30, NULL),
(3432, 32, 35, 47, NULL),
(3433, 33, 35, NULL, '00:02:51'),
(3434, 34, 35, NULL, '00:00:42'),
(3435, 35, 35, 15, NULL),
(3436, 36, 35, 74, NULL),
(3437, 37, 35, 20, NULL),
(3438, 38, 35, NULL, '00:01:41'),
(3439, 39, 35, 64, NULL),
(3440, 40, 35, 3, NULL),
(3441, 41, 35, 87, NULL),
(3442, 42, 35, 40, NULL),
(3443, 43, 35, NULL, '00:01:28'),
(3444, 44, 35, NULL, '00:00:01'),
(3445, 45, 35, 85, NULL),
(3446, 46, 35, 16, NULL),
(3447, 47, 35, 31, NULL),
(3448, 48, 35, NULL, '00:02:23'),
(3449, 49, 35, 79, NULL),
(3450, 50, 35, 20, NULL),
(3451, 51, 35, 50, NULL),
(3452, 52, 35, 8, NULL),
(3453, 53, 35, NULL, '00:00:21'),
(3454, 54, 35, NULL, '00:00:30'),
(3455, 55, 35, 3, NULL),
(3456, 56, 35, 45, NULL),
(3457, 57, 35, 6, NULL),
(3458, 58, 35, NULL, '00:01:38'),
(3459, 59, 35, 42, NULL),
(3460, 60, 35, 56, NULL),
(3461, 61, 35, 48, NULL),
(3462, 62, 35, 29, NULL),
(3463, 63, 35, NULL, '00:02:59'),
(3464, 64, 35, NULL, '00:02:09'),
(3465, 65, 35, 86, NULL),
(3466, 66, 35, 1, NULL),
(3467, 67, 35, 85, NULL),
(3468, 68, 35, NULL, '00:00:22'),
(3469, 69, 35, 25, NULL),
(3470, 70, 35, 36, NULL),
(3471, 71, 35, 96, NULL),
(3472, 72, 35, 34, NULL),
(3473, 73, 35, NULL, '00:02:14'),
(3474, 74, 35, NULL, '00:01:18'),
(3475, 75, 35, 75, NULL),
(3476, 76, 35, 93, NULL),
(3477, 77, 35, 61, NULL),
(3478, 78, 35, NULL, '00:00:24'),
(3479, 79, 35, 67, NULL),
(3480, 80, 35, 28, NULL),
(3481, 81, 35, 23, NULL),
(3482, 82, 35, 88, NULL),
(3483, 83, 35, NULL, '00:00:36'),
(3484, 84, 35, NULL, '00:01:19'),
(3485, 85, 35, 7, NULL),
(3486, 86, 35, 53, NULL),
(3487, 87, 35, 2, NULL),
(3488, 88, 35, NULL, '00:00:53'),
(3489, 89, 35, 13, NULL),
(3490, 90, 35, 9, NULL),
(3491, 91, 35, 37, NULL),
(3492, 92, 35, 75, NULL),
(3493, 93, 35, NULL, '00:01:16'),
(3494, 94, 35, NULL, '00:00:21'),
(3495, 95, 35, 52, NULL),
(3496, 96, 35, 79, NULL),
(3497, 97, 35, 11, NULL),
(3498, 98, 35, NULL, '00:02:22'),
(3499, 99, 35, 49, NULL),
(3500, 100, 35, 35, NULL),
(3501, 1, 36, 68, NULL),
(3502, 2, 36, 86, NULL),
(3503, 3, 36, NULL, '00:00:31'),
(3504, 4, 36, NULL, '00:02:03'),
(3505, 5, 36, 46, NULL),
(3506, 6, 36, 53, NULL),
(3507, 7, 36, 87, NULL),
(3508, 8, 36, NULL, '00:02:10'),
(3509, 9, 36, 85, NULL),
(3510, 10, 36, 25, NULL),
(3511, 11, 36, 85, NULL),
(3512, 12, 36, 26, NULL),
(3513, 13, 36, NULL, '00:02:13'),
(3514, 14, 36, NULL, '00:01:44'),
(3515, 15, 36, 36, NULL),
(3516, 16, 36, 32, NULL),
(3517, 17, 36, 28, NULL),
(3518, 18, 36, NULL, '00:01:38'),
(3519, 19, 36, 48, NULL),
(3520, 20, 36, 79, NULL),
(3521, 21, 36, 69, NULL),
(3522, 22, 36, 43, NULL),
(3523, 23, 36, NULL, '00:02:03'),
(3524, 24, 36, NULL, '00:01:02'),
(3525, 25, 36, 74, NULL),
(3526, 26, 36, 47, NULL),
(3527, 27, 36, 100, NULL),
(3528, 28, 36, NULL, '00:02:10'),
(3529, 29, 36, 41, NULL),
(3530, 30, 36, 43, NULL),
(3531, 31, 36, 51, NULL),
(3532, 32, 36, 28, NULL),
(3533, 33, 36, NULL, '00:02:07'),
(3534, 34, 36, NULL, '00:02:31'),
(3535, 35, 36, 96, NULL),
(3536, 36, 36, 42, NULL),
(3537, 37, 36, 74, NULL),
(3538, 38, 36, NULL, '00:01:44'),
(3539, 39, 36, 83, NULL),
(3540, 40, 36, 13, NULL),
(3541, 41, 36, 12, NULL),
(3542, 42, 36, 90, NULL),
(3543, 43, 36, NULL, '00:00:07'),
(3544, 44, 36, NULL, '00:00:16'),
(3545, 45, 36, 91, NULL),
(3546, 46, 36, 26, NULL),
(3547, 47, 36, 41, NULL),
(3548, 48, 36, NULL, '00:02:22'),
(3549, 49, 36, 99, NULL),
(3550, 50, 36, 10, NULL),
(3551, 51, 36, 87, NULL),
(3552, 52, 36, 31, NULL),
(3553, 53, 36, NULL, '00:02:52'),
(3554, 54, 36, NULL, '00:02:50'),
(3555, 55, 36, 5, NULL),
(3556, 56, 36, 14, NULL),
(3557, 57, 36, 76, NULL),
(3558, 58, 36, NULL, '00:00:14'),
(3559, 59, 36, 93, NULL),
(3560, 60, 36, 41, NULL),
(3561, 61, 36, 44, NULL),
(3562, 62, 36, 68, NULL),
(3563, 63, 36, NULL, '00:01:08'),
(3564, 64, 36, NULL, '00:01:38'),
(3565, 65, 36, 81, NULL),
(3566, 66, 36, 3, NULL),
(3567, 67, 36, 99, NULL),
(3568, 68, 36, NULL, '00:02:14'),
(3569, 69, 36, 98, NULL),
(3570, 70, 36, 25, NULL),
(3571, 71, 36, 87, NULL),
(3572, 72, 36, 93, NULL),
(3573, 73, 36, NULL, '00:01:37'),
(3574, 74, 36, NULL, '00:00:31'),
(3575, 75, 36, 77, NULL),
(3576, 76, 36, 99, NULL),
(3577, 77, 36, 93, NULL),
(3578, 78, 36, NULL, '00:02:30'),
(3579, 79, 36, 15, NULL),
(3580, 80, 36, 67, NULL),
(3581, 81, 36, 68, NULL),
(3582, 82, 36, 85, NULL),
(3583, 83, 36, NULL, '00:00:47'),
(3584, 84, 36, NULL, '00:00:43'),
(3585, 85, 36, 33, NULL),
(3586, 86, 36, 47, NULL),
(3587, 87, 36, 3, NULL),
(3588, 88, 36, NULL, '00:01:44'),
(3589, 89, 36, 82, NULL),
(3590, 90, 36, 35, NULL),
(3591, 91, 36, 61, NULL),
(3592, 92, 36, 42, NULL),
(3593, 93, 36, NULL, '00:01:46'),
(3594, 94, 36, NULL, '00:02:00'),
(3595, 95, 36, 63, NULL),
(3596, 96, 36, 35, NULL),
(3597, 97, 36, 67, NULL),
(3598, 98, 36, NULL, '00:01:15'),
(3599, 99, 36, 45, NULL),
(3600, 100, 36, 20, NULL),
(3601, 1, 37, 62, NULL),
(3602, 2, 37, 82, NULL),
(3603, 3, 37, NULL, '00:00:00'),
(3604, 4, 37, NULL, '00:00:10'),
(3605, 5, 37, 36, NULL),
(3606, 6, 37, 90, NULL),
(3607, 7, 37, 34, NULL),
(3608, 8, 37, NULL, '00:02:44'),
(3609, 9, 37, 49, NULL),
(3610, 10, 37, 77, NULL),
(3611, 11, 37, 5, NULL),
(3612, 12, 37, 17, NULL),
(3613, 13, 37, NULL, '00:00:19'),
(3614, 14, 37, NULL, '00:00:43'),
(3615, 15, 37, 62, NULL),
(3616, 16, 37, 17, NULL),
(3617, 17, 37, 71, NULL),
(3618, 18, 37, NULL, '00:02:17'),
(3619, 19, 37, 71, NULL),
(3620, 20, 37, 27, NULL),
(3621, 21, 37, 59, NULL),
(3622, 22, 37, 71, NULL),
(3623, 23, 37, NULL, '00:02:10'),
(3624, 24, 37, NULL, '00:00:17'),
(3625, 25, 37, 18, NULL),
(3626, 26, 37, 17, NULL),
(3627, 27, 37, 63, NULL),
(3628, 28, 37, NULL, '00:00:56'),
(3629, 29, 37, 30, NULL),
(3630, 30, 37, 92, NULL),
(3631, 31, 37, 55, NULL),
(3632, 32, 37, 16, NULL),
(3633, 33, 37, NULL, '00:00:53'),
(3634, 34, 37, NULL, '00:02:03'),
(3635, 35, 37, 56, NULL),
(3636, 36, 37, 84, NULL),
(3637, 37, 37, 64, NULL),
(3638, 38, 37, NULL, '00:02:47'),
(3639, 39, 37, 9, NULL),
(3640, 40, 37, 37, NULL),
(3641, 41, 37, 86, NULL),
(3642, 42, 37, 12, NULL),
(3643, 43, 37, NULL, '00:02:57'),
(3644, 44, 37, NULL, '00:00:08'),
(3645, 45, 37, 7, NULL),
(3646, 46, 37, 11, NULL),
(3647, 47, 37, 77, NULL),
(3648, 48, 37, NULL, '00:00:37'),
(3649, 49, 37, 13, NULL),
(3650, 50, 37, 65, NULL),
(3651, 51, 37, 22, NULL),
(3652, 52, 37, 34, NULL),
(3653, 53, 37, NULL, '00:01:23'),
(3654, 54, 37, NULL, '00:00:05'),
(3655, 55, 37, 15, NULL),
(3656, 56, 37, 51, NULL),
(3657, 57, 37, 51, NULL),
(3658, 58, 37, NULL, '00:01:48'),
(3659, 59, 37, 16, NULL),
(3660, 60, 37, 74, NULL),
(3661, 61, 37, 22, NULL),
(3662, 62, 37, 99, NULL),
(3663, 63, 37, NULL, '00:02:26'),
(3664, 64, 37, NULL, '00:00:12'),
(3665, 65, 37, 58, NULL),
(3666, 66, 37, 88, NULL),
(3667, 67, 37, 10, NULL),
(3668, 68, 37, NULL, '00:00:09'),
(3669, 69, 37, 79, NULL),
(3670, 70, 37, 12, NULL),
(3671, 71, 37, 47, NULL),
(3672, 72, 37, 35, NULL),
(3673, 73, 37, NULL, '00:00:56'),
(3674, 74, 37, NULL, '00:02:30'),
(3675, 75, 37, 10, NULL),
(3676, 76, 37, 24, NULL),
(3677, 77, 37, 79, NULL),
(3678, 78, 37, NULL, '00:01:49'),
(3679, 79, 37, 76, NULL),
(3680, 80, 37, 0, NULL),
(3681, 81, 37, 40, NULL),
(3682, 82, 37, 92, NULL),
(3683, 83, 37, NULL, '00:01:51'),
(3684, 84, 37, NULL, '00:00:01'),
(3685, 85, 37, 39, NULL),
(3686, 86, 37, 99, NULL),
(3687, 87, 37, 23, NULL),
(3688, 88, 37, NULL, '00:01:04'),
(3689, 89, 37, 92, NULL),
(3690, 90, 37, 40, NULL),
(3691, 91, 37, 88, NULL),
(3692, 92, 37, 33, NULL),
(3693, 93, 37, NULL, '00:02:53'),
(3694, 94, 37, NULL, '00:01:53'),
(3695, 95, 37, 84, NULL),
(3696, 96, 37, 61, NULL),
(3697, 97, 37, 45, NULL),
(3698, 98, 37, NULL, '00:01:36'),
(3699, 99, 37, 67, NULL),
(3700, 100, 37, 84, NULL),
(3701, 1, 38, 15, NULL),
(3702, 2, 38, 39, NULL),
(3703, 3, 38, NULL, '00:02:58'),
(3704, 4, 38, NULL, '00:01:48'),
(3705, 5, 38, 72, NULL),
(3706, 6, 38, 93, NULL),
(3707, 7, 38, 21, NULL),
(3708, 8, 38, NULL, '00:01:31'),
(3709, 9, 38, 11, NULL),
(3710, 10, 38, 68, NULL),
(3711, 11, 38, 73, NULL),
(3712, 12, 38, 39, NULL),
(3713, 13, 38, NULL, '00:02:35'),
(3714, 14, 38, NULL, '00:00:16'),
(3715, 15, 38, 30, NULL),
(3716, 16, 38, 32, NULL),
(3717, 17, 38, 7, NULL),
(3718, 18, 38, NULL, '00:00:37'),
(3719, 19, 38, 5, NULL),
(3720, 20, 38, 54, NULL),
(3721, 21, 38, 40, NULL),
(3722, 22, 38, 13, NULL),
(3723, 23, 38, NULL, '00:02:00'),
(3724, 24, 38, NULL, '00:02:10'),
(3725, 25, 38, 27, NULL),
(3726, 26, 38, 15, NULL),
(3727, 27, 38, 49, NULL),
(3728, 28, 38, NULL, '00:00:03'),
(3729, 29, 38, 1, NULL),
(3730, 30, 38, 25, NULL),
(3731, 31, 38, 46, NULL),
(3732, 32, 38, 99, NULL),
(3733, 33, 38, NULL, '00:01:32'),
(3734, 34, 38, NULL, '00:02:03'),
(3735, 35, 38, 22, NULL),
(3736, 36, 38, 91, NULL),
(3737, 37, 38, 80, NULL),
(3738, 38, 38, NULL, '00:01:10'),
(3739, 39, 38, 25, NULL),
(3740, 40, 38, 21, NULL),
(3741, 41, 38, 95, NULL),
(3742, 42, 38, 10, NULL),
(3743, 43, 38, NULL, '00:00:28'),
(3744, 44, 38, NULL, '00:02:06'),
(3745, 45, 38, 85, NULL),
(3746, 46, 38, 29, NULL),
(3747, 47, 38, 68, NULL),
(3748, 48, 38, NULL, '00:02:39'),
(3749, 49, 38, 59, NULL),
(3750, 50, 38, 40, NULL),
(3751, 51, 38, 32, NULL),
(3752, 52, 38, 20, NULL),
(3753, 53, 38, NULL, '00:00:23'),
(3754, 54, 38, NULL, '00:01:52'),
(3755, 55, 38, 8, NULL),
(3756, 56, 38, 38, NULL),
(3757, 57, 38, 75, NULL),
(3758, 58, 38, NULL, '00:01:56'),
(3759, 59, 38, 93, NULL),
(3760, 60, 38, 97, NULL),
(3761, 61, 38, 45, NULL),
(3762, 62, 38, 18, NULL),
(3763, 63, 38, NULL, '00:01:00'),
(3764, 64, 38, NULL, '00:01:38'),
(3765, 65, 38, 7, NULL),
(3766, 66, 38, 50, NULL),
(3767, 67, 38, 98, NULL),
(3768, 68, 38, NULL, '00:02:23'),
(3769, 69, 38, 16, NULL),
(3770, 70, 38, 27, NULL),
(3771, 71, 38, 24, NULL),
(3772, 72, 38, 66, NULL),
(3773, 73, 38, NULL, '00:02:02'),
(3774, 74, 38, NULL, '00:01:39'),
(3775, 75, 38, 21, NULL),
(3776, 76, 38, 4, NULL),
(3777, 77, 38, 8, NULL),
(3778, 78, 38, NULL, '00:02:22'),
(3779, 79, 38, 57, NULL),
(3780, 80, 38, 29, NULL),
(3781, 81, 38, 27, NULL),
(3782, 82, 38, 98, NULL),
(3783, 83, 38, NULL, '00:00:42'),
(3784, 84, 38, NULL, '00:00:34'),
(3785, 85, 38, 44, NULL),
(3786, 86, 38, 64, NULL),
(3787, 87, 38, 54, NULL),
(3788, 88, 38, NULL, '00:00:31'),
(3789, 89, 38, 81, NULL),
(3790, 90, 38, 63, NULL),
(3791, 91, 38, 31, NULL),
(3792, 92, 38, 72, NULL),
(3793, 93, 38, NULL, '00:01:03'),
(3794, 94, 38, NULL, '00:00:03'),
(3795, 95, 38, 24, NULL),
(3796, 96, 38, 56, NULL),
(3797, 97, 38, 81, NULL),
(3798, 98, 38, NULL, '00:00:05'),
(3799, 99, 38, 15, NULL),
(3800, 100, 38, 19, NULL),
(3801, 1, 39, 18, NULL),
(3802, 2, 39, 29, NULL),
(3803, 3, 39, NULL, '00:01:15'),
(3804, 4, 39, NULL, '00:02:28'),
(3805, 5, 39, 88, NULL),
(3806, 6, 39, 25, NULL),
(3807, 7, 39, 20, NULL),
(3808, 8, 39, NULL, '00:01:28'),
(3809, 9, 39, 99, NULL),
(3810, 10, 39, 36, NULL),
(3811, 11, 39, 87, NULL),
(3812, 12, 39, 67, NULL),
(3813, 13, 39, NULL, '00:02:25'),
(3814, 14, 39, NULL, '00:01:23'),
(3815, 15, 39, 32, NULL),
(3816, 16, 39, 59, NULL),
(3817, 17, 39, 87, NULL),
(3818, 18, 39, NULL, '00:00:47'),
(3819, 19, 39, 5, NULL),
(3820, 20, 39, 50, NULL),
(3821, 21, 39, 46, NULL),
(3822, 22, 39, 99, NULL),
(3823, 23, 39, NULL, '00:00:14'),
(3824, 24, 39, NULL, '00:02:32'),
(3825, 25, 39, 81, NULL),
(3826, 26, 39, 61, NULL),
(3827, 27, 39, 7, NULL),
(3828, 28, 39, NULL, '00:00:16'),
(3829, 29, 39, 47, NULL),
(3830, 30, 39, 9, NULL),
(3831, 31, 39, 44, NULL),
(3832, 32, 39, 18, NULL),
(3833, 33, 39, NULL, '00:01:29'),
(3834, 34, 39, NULL, '00:02:14'),
(3835, 35, 39, 62, NULL),
(3836, 36, 39, 79, NULL),
(3837, 37, 39, 11, NULL),
(3838, 38, 39, NULL, '00:00:19'),
(3839, 39, 39, 65, NULL),
(3840, 40, 39, 29, NULL),
(3841, 41, 39, 82, NULL),
(3842, 42, 39, 5, NULL),
(3843, 43, 39, NULL, '00:00:17'),
(3844, 44, 39, NULL, '00:00:28'),
(3845, 45, 39, 93, NULL),
(3846, 46, 39, 28, NULL),
(3847, 47, 39, 57, NULL),
(3848, 48, 39, NULL, '00:01:35'),
(3849, 49, 39, 39, NULL),
(3850, 50, 39, 36, NULL),
(3851, 51, 39, 65, NULL),
(3852, 52, 39, 21, NULL),
(3853, 53, 39, NULL, '00:01:43'),
(3854, 54, 39, NULL, '00:02:17'),
(3855, 55, 39, 29, NULL),
(3856, 56, 39, 68, NULL),
(3857, 57, 39, 18, NULL),
(3858, 58, 39, NULL, '00:00:44'),
(3859, 59, 39, 98, NULL),
(3860, 60, 39, 24, NULL),
(3861, 61, 39, 5, NULL),
(3862, 62, 39, 94, NULL),
(3863, 63, 39, NULL, '00:01:20'),
(3864, 64, 39, NULL, '00:02:43'),
(3865, 65, 39, 33, NULL),
(3866, 66, 39, 69, NULL),
(3867, 67, 39, 83, NULL),
(3868, 68, 39, NULL, '00:01:27'),
(3869, 69, 39, 70, NULL),
(3870, 70, 39, 19, NULL),
(3871, 71, 39, 40, NULL),
(3872, 72, 39, 3, NULL),
(3873, 73, 39, NULL, '00:01:05'),
(3874, 74, 39, NULL, '00:00:35'),
(3875, 75, 39, 16, NULL),
(3876, 76, 39, 41, NULL),
(3877, 77, 39, 38, NULL),
(3878, 78, 39, NULL, '00:01:40'),
(3879, 79, 39, 0, NULL),
(3880, 80, 39, 84, NULL),
(3881, 81, 39, 39, NULL),
(3882, 82, 39, 77, NULL),
(3883, 83, 39, NULL, '00:01:25'),
(3884, 84, 39, NULL, '00:00:27'),
(3885, 85, 39, 20, NULL),
(3886, 86, 39, 2, NULL),
(3887, 87, 39, 9, NULL),
(3888, 88, 39, NULL, '00:01:44'),
(3889, 89, 39, 34, NULL),
(3890, 90, 39, 20, NULL),
(3891, 91, 39, 55, NULL),
(3892, 92, 39, 64, NULL),
(3893, 93, 39, NULL, '00:01:42'),
(3894, 94, 39, NULL, '00:00:59'),
(3895, 95, 39, 36, NULL),
(3896, 96, 39, 40, NULL),
(3897, 97, 39, 92, NULL),
(3898, 98, 39, NULL, '00:02:42'),
(3899, 99, 39, 87, NULL),
(3900, 100, 39, 36, NULL),
(3901, 1, 40, 17, NULL),
(3902, 2, 40, 35, NULL),
(3903, 3, 40, NULL, '00:00:49'),
(3904, 4, 40, NULL, '00:00:43'),
(3905, 5, 40, 9, NULL),
(3906, 6, 40, 49, NULL),
(3907, 7, 40, 90, NULL),
(3908, 8, 40, NULL, '00:00:01'),
(3909, 9, 40, 37, NULL),
(3910, 10, 40, 52, NULL),
(3911, 11, 40, 92, NULL),
(3912, 12, 40, 70, NULL),
(3913, 13, 40, NULL, '00:01:48'),
(3914, 14, 40, NULL, '00:01:45'),
(3915, 15, 40, 92, NULL),
(3916, 16, 40, 12, NULL),
(3917, 17, 40, 41, NULL),
(3918, 18, 40, NULL, '00:01:11'),
(3919, 19, 40, 28, NULL),
(3920, 20, 40, 7, NULL),
(3921, 21, 40, 73, NULL),
(3922, 22, 40, 72, NULL),
(3923, 23, 40, NULL, '00:00:34'),
(3924, 24, 40, NULL, '00:00:24'),
(3925, 25, 40, 85, NULL),
(3926, 26, 40, 58, NULL),
(3927, 27, 40, 63, NULL),
(3928, 28, 40, NULL, '00:02:43'),
(3929, 29, 40, 39, NULL),
(3930, 30, 40, 34, NULL),
(3931, 31, 40, 78, NULL),
(3932, 32, 40, 12, NULL),
(3933, 33, 40, NULL, '00:02:56'),
(3934, 34, 40, NULL, '00:01:09'),
(3935, 35, 40, 47, NULL),
(3936, 36, 40, 49, NULL),
(3937, 37, 40, 3, NULL),
(3938, 38, 40, NULL, '00:00:46'),
(3939, 39, 40, 38, NULL),
(3940, 40, 40, 16, NULL),
(3941, 41, 40, 76, NULL),
(3942, 42, 40, 86, NULL),
(3943, 43, 40, NULL, '00:01:47'),
(3944, 44, 40, NULL, '00:02:47'),
(3945, 45, 40, 58, NULL),
(3946, 46, 40, 30, NULL),
(3947, 47, 40, 64, NULL),
(3948, 48, 40, NULL, '00:02:12'),
(3949, 49, 40, 11, NULL),
(3950, 50, 40, 35, NULL),
(3951, 51, 40, 85, NULL),
(3952, 52, 40, 97, NULL),
(3953, 53, 40, NULL, '00:00:33'),
(3954, 54, 40, NULL, '00:00:05'),
(3955, 55, 40, 32, NULL),
(3956, 56, 40, 78, NULL),
(3957, 57, 40, 88, NULL),
(3958, 58, 40, NULL, '00:01:50'),
(3959, 59, 40, 50, NULL),
(3960, 60, 40, 19, NULL),
(3961, 61, 40, 81, NULL),
(3962, 62, 40, 7, NULL),
(3963, 63, 40, NULL, '00:02:26'),
(3964, 64, 40, NULL, '00:02:25'),
(3965, 65, 40, 97, NULL),
(3966, 66, 40, 71, NULL),
(3967, 67, 40, 52, NULL),
(3968, 68, 40, NULL, '00:02:35'),
(3969, 69, 40, 48, NULL),
(3970, 70, 40, 0, NULL),
(3971, 71, 40, 86, NULL),
(3972, 72, 40, 14, NULL),
(3973, 73, 40, NULL, '00:00:18');

-- 
-- Dumping data for table job_batches
--
-- Table sportverseny.job_batches does not contain any data (it is empty)

-- 
-- Dumping data for table jobs
--
-- Table sportverseny.jobs does not contain any data (it is empty)

-- 
-- Dumping data for table failed_jobs
--
-- Table sportverseny.failed_jobs does not contain any data (it is empty)

-- 
-- Dumping data for table cache_locks
--
-- Table sportverseny.cache_locks does not contain any data (it is empty)

-- 
-- Dumping data for table cache
--
-- Table sportverseny.cache does not contain any data (it is empty)

-- 
-- Restore previous SQL mode
-- 
/*!40101 SET SQL_MODE=@OLD_SQL_MODE */;

-- 
-- Enable foreign keys
-- 
/*!40014 SET FOREIGN_KEY_CHECKS=@OLD_FOREIGN_KEY_CHECKS */;